max_rpm,energy,duration,speed,weight
590,1467,0.353,43.6,8656
5324,14106,0.372,40.0,82464
2300,10281,0.634,25.9,35048
1409,2132,0.219,64.7,20803
245,499,0.289,52.9,3682
251,309,0.177,87.9,3681
175,1479,1.239,12.9,2510
3798,6360,0.217,67.9,59243
1429,2081,0.198,78.7,21004
2070,2822,0.184,78.4,31917
143,193,0.165,89.7,2167
5649,9616,0.214,75.6,88895
3335,4800,0.175,93.5,51918
300,975,0.392,39.9,4589
267,502,0.264,55.3,4073
284,2860,1.417,11.3,4098
448,4144,1.278,10.6,6575
1087,3303,0.437,31.6,15580
729,3966,0.812,19.1,10836
405,1428,0.43,33.4,6249
1435,6370,0.631,25.9,21905
225,2235,1.178,12.6,3451
410,532,0.161,91.8,6271
568,6160,1.446,10.7,8384
796,1148,0.207,76.2,11909
2843,13635,0.63,23.7,43153
280,319,0.154,92.1,4367
949,1244,0.175,90.4,14951
1315,2272,0.21,68.9,20301
153,232,0.199,70.5,2398
1476,15663,1.469,10.5,21539
249,290,0.14,98.6,3897
175,218,0.184,89.0,2579
5396,7092,0.17,90.6,81876
5579,10537,0.237,69.3,87419
3249,8234,0.354,41.0,47257
442,637,0.182,90.4,6585
190,613,0.385,36.2,2930
2014,3242,0.225,60.6,29075
712,3974,0.717,19.0,11190
208,258,0.16,93.0,3223
948,4396,0.607,22.7,13877
155,587,0.497,30.2,2287
4577,7964,0.24,60.2,70135
350,462,0.184,78.8,5504
1844,3410,0.234,65.7,26707
442,1459,0.453,30.9,6770
988,12314,1.567,10.1,15297
1133,1764,0.195,78.1,16977
286,325,0.165,98.7,4121
5648,8027,0.176,82.9,88782
2839,6115,0.32,51.4,41491
5299,7197,0.167,91.3,78924
4385,10578,0.35,46.9,66269
1416,2430,0.237,57.2,20741
5139,10992,0.296,52.9,73665
183,474,0.317,50.3,2827
276,340,0.171,79.8,4305
165,313,0.265,57.4,2387
484,1415,0.413,38.5,7140
606,2011,0.457,33.2,9149
388,3118,1.022,13.4,5781
3495,5748,0.249,62.5,51171
553,1889,0.446,30.7,8075
416,2179,0.684,23.3,6002
1106,1787,0.198,68.8,16712
226,347,0.195,71.3,3471
3117,4110,0.184,77.7,46125
176,367,0.278,55.3,2677
6393,9436,0.182,90.5,94999
2713,3244,0.147,94.3,41025
280,363,0.168,82.7,4351
135,241,0.217,67.2,2043
3300,11088,0.429,37.3,48581
2181,2596,0.151,98.5,31765
2307,7490,0.417,34.7,34641
2633,11773,0.538,28.2,40869
176,413,0.287,49.8,2671
557,3631,0.973,15.1,8129
207,254,0.148,98.1,3146
3979,7151,0.253,63.0,58535
1528,3062,0.271,60.1,22908
473,882,0.229,69.0,7298
176,358,0.271,54.7,2564
431,4242,1.165,12.9,6751
476,745,0.213,65.1,7136
2247,3577,0.211,74.5,34722
1544,3532,0.322,47.5,24222
4289,6619,0.207,78.2,64324
845,3071,0.463,30.4,12685
217,808,0.527,29.9,3193
2224,10249,0.634,24.5,32569
2674,6087,0.329,43.5,39226
1187,1703,0.18,86.2,17973
2757,3584,0.193,84.5,40820
927,2627,0.366,44.5,13803
1022,1873,0.248,63.0,15457
717,881,0.182,74.9,10651
153,601,0.508,31.7,2209
197,936,0.616,25.1,3050
156,170,0.148,97.5,2261
1535,2705,0.214,65.6,24114
447,496,0.141,98.3,6840
954,2584,0.338,40.4,14624
4702,7885,0.215,73.3,69655
340,1276,0.473,30.0,5303
689,1962,0.405,33.5,9959
2646,4776,0.262,56.1,38431
331,1019,0.386,38.8,4894
179,825,0.558,25.1,2702
432,1222,0.405,33.7,6213
258,1844,1.064,13.2,3757
5063,7593,0.212,73.4,75955
3210,6180,0.253,54.3,47206
1599,9138,0.821,18.5,23832
4067,17489,0.548,25.5,60480
3040,18431,0.733,19.2,46392
275,510,0.225,65.1,4149
4194,22123,0.747,18.5,65684
1083,1620,0.18,77.9,16495
3200,30296,1.228,11.8,47081
4641,13633,0.447,32.4,66598
484,595,0.175,90.2,6939
206,294,0.184,74.7,3076
328,2583,0.971,16.6,4878
686,942,0.19,83.9,10633
3335,6597,0.291,54.4,49069
3700,4826,0.167,86.2,57994
134,280,0.249,64.1,2055
999,1588,0.197,71.4,14749
669,675,0.14,99.4,10237
303,1013,0.441,30.9,4768
220,426,0.247,66.2,3196
490,1100,0.28,51.4,7492
5099,52498,1.199,13.6,79984
452,4838,1.267,11.3,7081
989,5616,0.783,20.7,15220
2018,3899,0.237,68.4,31292
568,1005,0.267,61.0,8295
5863,11934,0.251,59.8,89548
5931,55104,1.251,12.9,86337
345,914,0.313,52.2,5355
932,1186,0.155,93.2,13990
440,951,0.322,45.8,6489
412,671,0.236,66.2,6094
155,206,0.18,80.2,2310
1508,2285,0.196,80.6,21710
926,1836,0.242,56.7,14291
162,230,0.173,87.2,2446
411,933,0.307,45.2,5948
4459,5309,0.16,90.0,69846
325,1043,0.451,31.6,5105
228,757,0.455,35.2,3525
916,6690,0.953,14.8,13570
6151,10011,0.195,81.6,94541
333,830,0.334,47.5,5155
1841,7301,0.49,30.6,27731
2653,8864,0.46,30.9,39354
329,379,0.156,91.1,5067
2256,3029,0.175,85.1,34534
568,942,0.226,59.8,8431
1652,2962,0.231,65.4,23730
1617,3677,0.31,52.7,23843
1115,2398,0.309,45.2,16266
187,250,0.165,92.4,2847
3420,22203,0.769,21.3,52502
465,1218,0.337,47.7,7014
285,771,0.391,41.0,4148
155,323,0.291,54.8,2345
1392,2592,0.282,51.2,20180
1980,3698,0.285,56.7,28326
136,834,0.723,22.6,2134
943,1818,0.267,56.2,14827
312,1106,0.458,31.8,4851
1644,7192,0.554,26.6,24955
254,1938,0.916,15.8,3956
2063,2506,0.18,78.6,29847
576,1420,0.317,48.5,9079
5109,8485,0.229,66.4,78073
221,321,0.197,75.5,3425
528,707,0.194,71.1,7594
211,481,0.304,52.3,3117
5170,10505,0.312,44.9,74482
4320,9593,0.316,43.8,61887
365,584,0.227,67.6,5486
1716,3896,0.269,54.5,26443
3161,3935,0.158,86.4,48917
1137,1546,0.164,88.7,17550
1080,4652,0.624,25.4,15881
327,1885,0.689,22.3,5151
183,309,0.219,66.7,2878
4507,11867,0.379,37.1,66891
4579,47007,1.319,11.7,67735
1613,2249,0.18,90.0,23804
495,2101,0.508,30.4,7534
538,704,0.17,93.6,7840
2289,3212,0.202,74.6,34230
4281,6418,0.199,78.6,66864
4413,18320,0.575,28.1,64292
2945,9954,0.509,31.1,42268
1571,3717,0.285,56.9,24650
183,810,0.58,25.5,2779
250,886,0.432,37.5,3763
4324,13506,0.395,38.9,67242
1482,7121,0.661,24.4,21445
135,453,0.478,28.5,2073
203,264,0.191,81.0,2974
1817,9186,0.641,25.0,26810
137,1250,1.116,12.6,2039
242,428,0.232,66.6,3751
1108,1483,0.163,97.8,17112
1906,5542,0.361,39.8,29959
1664,9955,0.712,20.7,25626
315,564,0.248,61.3,4809
2234,2690,0.164,91.6,32434
332,419,0.169,80.6,5059
488,752,0.209,66.0,7142
2457,6365,0.36,38.4,37093
1741,3085,0.243,58.8,25394
3872,22212,0.782,18.2,55441
1701,2654,0.221,71.1,26199
1276,1958,0.202,75.3,18474
194,244,0.163,96.9,2885
579,1859,0.41,33.4,8428
381,3565,1.283,11.7,5644
343,580,0.245,59.1,5194
5835,9733,0.218,73.6,89979
593,831,0.193,81.1,9308
4385,19810,0.587,27.4,65552
1652,4365,0.406,33.6,23621
3058,6094,0.279,56.1,44811
936,2490,0.38,39.8,14288
1315,1571,0.183,87.4,19106
940,2140,0.285,52.6,13734
279,435,0.184,82.0,4292
2141,3744,0.219,62.3,33764
384,553,0.195,79.6,5998
152,426,0.359,39.9,2199
1721,2165,0.16,84.8,24984
261,845,0.395,34.7,3998
5167,11061,0.277,59.1,79221
5730,18980,0.497,29.3,83507
4987,10031,0.305,52.8,71673
583,1946,0.424,38.6,8509
143,548,0.48,34.0,2124
4906,6202,0.166,97.0,75546
713,3418,0.663,24.4,10678
5695,8022,0.178,80.9,87770
5960,6516,0.142,98.6,86734
3708,38492,1.308,11.8,56268
435,664,0.205,72.9,6328
594,1797,0.421,32.8,9021
3844,30284,1.138,13.6,55858
452,1185,0.328,46.3,6909
257,351,0.171,94.2,3881
1191,11299,1.386,11.1,17661
4970,8834,0.242,62.9,77898
2120,4241,0.269,55.1,30448
1249,1528,0.168,88.6,18601
195,1380,0.932,17.6,2925
1528,2212,0.195,71.3,22177
6646,10574,0.208,71.2,96183
231,404,0.22,70.2,3459
1056,1133,0.156,94.8,15193
3946,5325,0.171,84.1,61895
2324,17482,1.042,13.8,36272
2057,4425,0.271,52.4,30566
2051,5294,0.317,45.8,31226
542,1665,0.425,37.9,8161
413,871,0.297,50.6,6307
3132,6915,0.319,44.6,47436
3274,7233,0.3,48.9,47576
4000,3843,0.141,98.1,59451
4984,33273,0.902,18.0,71219
1013,1212,0.158,93.0,14783
926,2247,0.309,53.2,14226
2957,5370,0.22,66.1,45426
1667,2344,0.189,84.7,25427
2148,5660,0.336,42.4,31163
2857,5748,0.282,48.7,44983
4218,8703,0.29,46.9,65031
520,1291,0.35,43.7,7503
587,685,0.155,93.3,8692
187,229,0.175,84.6,2888
1244,7840,0.805,19.8,19209
159,798,0.722,19.7,2301
856,1980,0.297,48.5,12361
1086,7143,0.849,18.9,16709
405,711,0.228,65.7,6135
1390,7657,0.697,22.9,20176
154,304,0.256,57.0,2253
159,1577,1.38,10.6,2314
3336,9043,0.364,38.5,49957
568,964,0.229,70.9,8184
215,467,0.302,53.6,3287
993,1187,0.168,98.0,15427
2767,3245,0.166,88.7,40665
311,926,0.377,42.3,4652
1578,11383,1.046,14.1,22871
178,223,0.173,86.1,2792
168,200,0.174,92.0,2448
1043,1385,0.167,83.9,15987
1122,5580,0.658,21.5,16578
1539,1817,0.145,99.8,24210
2308,7874,0.477,33.3,34248
6197,9554,0.194,75.2,90985
991,1185,0.159,91.7,15073
458,1874,0.529,31.2,7074
3003,3905,0.16,91.7,44877
397,1189,0.376,37.9,5769
729,902,0.157,97.9,11138
176,666,0.45,35.3,2718
143,159,0.143,95.8,2208
6019,43044,1.036,14.8,86405
3460,4671,0.184,73.8,52642
1928,4011,0.26,57.9,30441
678,1361,0.269,53.0,9904
267,931,0.479,30.1,3939
236,402,0.203,73.5,3688
372,1571,0.599,27.2,5323
1155,2140,0.262,59.8,17145
2182,7341,0.497,32.8,32742
1743,2334,0.161,96.0,26465
414,3422,1.075,12.6,5979
5444,21911,0.511,28.0,83814
2339,9747,0.51,31.8,35866
1122,3032,0.326,47.3,17492
1497,6319,0.531,30.9,21894
694,1299,0.258,54.2,10325
355,433,0.163,88.5,5271
521,728,0.197,74.1,8050
2624,4933,0.233,62.2,38778
144,918,0.792,18.0,2115
206,340,0.205,72.5,3149
164,732,0.618,25.0,2394
153,209,0.179,80.8,2345
3885,11851,0.423,32.5,56810
1993,4942,0.329,47.5,31370
856,2301,0.358,41.5,12783
204,232,0.174,87.3,2932
956,5223,0.695,21.4,13685
831,1666,0.265,60.9,12748
261,1423,0.666,22.8,3938
696,1263,0.222,73.4,10917
657,748,0.164,91.5,9507
1493,3075,0.293,49.1,22250
1580,3561,0.27,53.9,23990
153,202,0.161,93.5,2387
603,1090,0.265,56.9,8659
1547,3052,0.289,53.9,23139
933,1699,0.228,62.0,14316
3745,5886,0.215,72.0,57040
1713,10026,0.807,19.6,26310
254,366,0.185,83.9,3783
183,414,0.304,49.2,2635
1704,12270,0.998,16.5,24687
147,220,0.182,80.8,2218
1361,3223,0.315,43.9,19780
5236,35806,0.839,19.0,79150
1235,1879,0.211,67.0,18999
638,767,0.175,89.2,9131
1619,1781,0.156,89.9,24771
786,812,0.141,96.2,12011
1182,1467,0.159,88.1,16905
5108,62366,1.435,10.2,79533
619,1488,0.313,44.2,9057
5977,7266,0.168,83.7,85913
4609,13405,0.368,43.0,69054
272,535,0.246,64.1,4302
172,291,0.247,64.6,2623
190,554,0.374,42.9,2966
141,176,0.161,91.4,2147
198,401,0.291,55.3,2893
1917,3959,0.291,51.8,28935
174,188,0.149,99.8,2642
467,1026,0.288,54.4,6965
3663,13744,0.543,26.1,54506
151,323,0.282,56.2,2190
3164,4231,0.178,83.3,48393
414,507,0.174,79.9,6024
213,288,0.171,81.0,3175
1994,2901,0.19,73.7,30532
1529,5619,0.492,32.9,23419
4070,6263,0.188,87.6,61919
2393,2783,0.161,90.4,35472
3007,12999,0.523,27.5,46357
418,1964,0.651,21.7,6028
268,307,0.163,97.8,4004
2618,3088,0.16,88.1,37696
2989,4046,0.18,90.4,46969
6322,7732,0.173,89.8,96353
637,1269,0.276,58.8,10047
558,903,0.222,68.2,8571
2880,5755,0.264,59.1,41699
482,4257,1.051,14.6,7586
5052,8483,0.207,77.1,76270
3684,7909,0.289,55.5,57470
708,1236,0.224,68.3,10712
2600,4975,0.279,55.2,37734
2583,5878,0.3,54.3,38280
204,1031,0.64,25.5,2993
4484,13696,0.442,35.1,68303
1005,4407,0.557,24.3,14435
3451,13516,0.5,27.6,50717
462,606,0.165,97.6,6994
4397,19952,0.578,23.8,66450
636,1995,0.413,34.2,9167
140,257,0.225,63.2,2086
4699,8578,0.236,64.9,69063
188,885,0.638,23.9,2858
452,629,0.176,81.4,6974
5606,6965,0.175,80.7,82253
5554,22709,0.504,31.4,82429
1256,4613,0.453,36.0,18848
1598,1736,0.145,94.4,23686
748,1006,0.165,84.3,11559
432,721,0.212,72.8,6297
503,3138,0.915,17.4,7234
1923,4700,0.333,47.6,27772
2485,4907,0.26,60.3,37956
2922,14032,0.602,26.9,44248
3017,6022,0.281,50.3,43910
192,320,0.216,64.1,2857
926,2638,0.389,39.5,13836
174,229,0.199,80.3,2505
1148,1407,0.178,85.6,17165
751,2176,0.419,39.1,11250
4099,5429,0.186,85.5,64448
503,3207,0.807,19.3,7892
200,261,0.16,85.4,3161
242,942,0.582,23.7,3499
2598,18256,0.908,17.5,39338
1492,2381,0.208,67.8,22457
204,357,0.259,52.5,2970
187,241,0.177,91.7,2779
2092,6180,0.379,42.7,31042
173,474,0.395,35.8,2658
3431,6658,0.288,55.1,49813
2042,4656,0.267,51.0,31689
175,503,0.35,41.0,2749
180,293,0.212,72.4,2787
6180,9810,0.201,78.4,94907
563,720,0.156,86.8,8647
578,675,0.148,97.6,8525
3114,9649,0.416,34.0,48078
5519,8997,0.222,74.4,81353
6053,16590,0.341,45.5,94670
2450,3614,0.207,70.9,38106
581,1233,0.26,52.8,8715
192,210,0.154,99.4,2772
2888,4156,0.204,75.6,41819
1240,1601,0.167,95.7,17772
711,819,0.169,85.1,10514
4703,5670,0.18,91.3,69326
208,285,0.178,83.3,3089
927,1881,0.28,51.3,13739
134,490,0.445,32.7,2090
837,1986,0.348,43.3,12510
164,1679,1.38,11.8,2492
211,414,0.275,57.2,3183
211,455,0.275,55.5,3167
1627,2927,0.244,57.3,25352
2433,2621,0.143,97.7,37028
1249,1699,0.163,92.0,19595
6025,29836,0.639,24.6,86244
555,1650,0.365,43.2,8668
397,887,0.294,48.2,6115
4143,9861,0.325,42.4,59807
319,445,0.179,81.9,4796
5562,13235,0.284,57.2,86599
138,278,0.246,61.5,2097
5697,8044,0.167,86.8,88884
153,220,0.175,82.5,2367
4159,19261,0.635,21.9,65321
1044,1661,0.201,74.3,15760
6684,16685,0.323,49.2,97285
179,644,0.449,36.5,2669
1176,9799,1.035,14.5,17458
5735,11550,0.26,53.9,88684
1015,2954,0.37,42.0,15479
1618,5112,0.483,32.6,23461
1944,2917,0.189,72.5,30414
817,1192,0.203,79.3,11838
1550,6350,0.499,32.0,23293
1355,10967,1.032,14.5,19668
4446,6324,0.176,86.4,67931
156,1562,1.435,10.9,2389
410,484,0.165,94.3,6003
5647,8722,0.204,66.5,82366
4222,10493,0.356,39.0,65097
830,2447,0.435,32.2,11889
1445,17779,1.458,10.8,22626
377,1302,0.475,31.2,5919
280,1284,0.676,22.4,4174
836,1514,0.243,65.1,12269
555,2522,0.581,25.0,7968
1295,2862,0.273,57.6,19617
172,348,0.235,63.1,2710
6093,18884,0.397,36.8,90468
6183,51557,1.102,13.2,94748
2033,20532,1.228,13.4,30703
1084,10258,1.278,12.4,16287
428,576,0.177,76.5,6712
3213,10124,0.424,38.6,48266
1927,2999,0.194,81.7,29131
257,584,0.285,48.9,3778
4773,9271,0.27,50.8,70577
3224,6365,0.257,56.2,49945
5317,9193,0.207,74.2,82169
2223,6895,0.443,34.6,34198
1422,7966,0.684,20.9,22039
695,1257,0.247,60.0,10270
5377,13437,0.359,39.4,76861
4007,8026,0.274,49.8,59217
160,259,0.221,68.2,2387
146,311,0.267,54.5,2217
570,1088,0.23,65.8,8722
3307,6590,0.277,59.0,47657
6640,9229,0.182,76.6,95144
240,346,0.184,73.5,3602
1333,2334,0.236,58.1,20438
607,945,0.209,71.1,8874
5708,8096,0.176,88.6,88896
3690,7602,0.312,48.9,53921
3654,8266,0.318,47.1,53128
802,1270,0.185,78.8,12511
707,1203,0.231,62.4,10134
407,2514,0.893,16.4,5828
173,201,0.17,90.3,2493
3925,30420,1.097,12.8,58907
3125,4819,0.204,77.4,48097
6713,9117,0.194,78.3,99889
6526,6833,0.149,95.8,98692
1136,8620,1.009,14.9,17566
2679,5320,0.257,63.7,40505
5459,10466,0.28,48.5,80567
3543,8949,0.355,39.8,55533
345,1954,0.819,18.1,5263
739,1412,0.254,60.6,11654
226,413,0.266,53.1,3314
5648,35343,0.839,19.4,83547
1365,2515,0.237,65.1,21424
341,498,0.211,76.4,4892
1757,2705,0.183,79.1,27684
1510,1963,0.175,91.5,22449
556,1164,0.312,46.9,8119
213,222,0.149,95.8,3118
1758,2797,0.185,87.9,27670
1062,3149,0.376,36.7,15311
2850,13092,0.671,24.3,41037
1026,2160,0.302,49.2,15302
3732,9999,0.357,46.2,56086
1102,2110,0.245,61.8,17326
1204,2223,0.252,62.5,17949
4077,5415,0.174,77.5,61721
663,1230,0.268,55.9,9694
223,1260,0.808,19.4,3378
151,206,0.182,87.2,2238
2456,7689,0.369,37.9,38369
1454,1590,0.151,97.4,22642
2019,11711,0.716,20.6,31422
292,326,0.144,96.2,4600
228,1332,0.815,18.2,3409
145,585,0.517,30.8,2117
531,3964,1.015,14.2,7882
1350,2058,0.201,73.5,20103
629,868,0.189,86.5,9277
726,1405,0.277,49.1,11073
4518,5716,0.163,93.6,68733
511,957,0.249,63.1,7810
1016,1621,0.237,66.7,14937
2763,3973,0.182,86.1,42897
598,1817,0.427,36.7,9435
1534,3505,0.327,41.9,22800
4063,5085,0.165,91.5,58366
5531,6480,0.174,91.1,82079
243,257,0.141,97.9,3555
5088,6071,0.148,91.2,75036
913,4758,0.743,21.5,13712
374,501,0.186,84.1,5492
829,1922,0.314,46.9,12052
5996,7534,0.165,99.2,92485
900,2117,0.301,52.5,13739
469,972,0.274,59.8,7237
1581,3128,0.282,57.7,23831
354,900,0.384,39.0,5117
176,1328,0.941,16.8,2691
217,268,0.171,90.6,3311
227,341,0.194,82.2,3300
241,1335,0.703,22.6,3623
230,273,0.175,79.9,3442
1694,2470,0.214,66.3,24539
271,596,0.305,46.8,4074
524,1912,0.486,32.9,7732
4267,6465,0.182,87.4,66780
824,1195,0.205,73.0,12772
1798,3325,0.257,59.3,27238
261,471,0.246,64.9,3924
296,1576,0.793,18.2,4243
163,306,0.259,52.7,2346
267,1050,0.545,27.4,3872
389,1618,0.565,28.8,5947
278,457,0.228,69.5,3997
192,218,0.159,92.0,2829
211,458,0.296,46.3,3206
825,3104,0.537,28.7,12130
284,528,0.234,68.4,4483
534,720,0.175,88.4,8315
986,1285,0.191,77.3,14332
2014,2114,0.157,88.2,29784
153,302,0.278,58.3,2332
3041,3823,0.184,77.7,45625
1617,7211,0.627,22.6,23324
186,501,0.386,41.3,2753
4024,10950,0.365,45.1,60983
4706,9793,0.276,56.0,73377
165,210,0.164,93.6,2539
412,503,0.163,88.7,5907
3103,14311,0.613,22.1,46853
2483,9386,0.551,25.6,37350
274,672,0.362,42.2,4116
314,824,0.386,36.2,4536
573,1037,0.247,65.3,8520
904,932,0.154,91.2,13311
1480,1691,0.156,96.6,22460
537,996,0.218,68.8,8468
849,1004,0.179,85.4,12214
2593,5130,0.253,57.3,37235
160,693,0.561,28.7,2308
373,742,0.259,57.2,5369
2240,4547,0.26,60.0,32582
4506,6096,0.201,76.8,66368
1020,3201,0.465,29.8,14803
1079,2646,0.356,43.1,16035
195,496,0.354,42.8,3041
759,934,0.168,96.3,11512
1121,2767,0.323,50.0,16066
339,439,0.179,78.0,5163
396,482,0.177,77.6,5734
559,1921,0.424,33.9,8750
141,266,0.268,61.5,2163
463,513,0.15,90.5,7050
291,645,0.294,52.8,4573
461,620,0.161,95.1,7201
206,844,0.527,29.3,3195
4491,28469,0.849,16.7,65164
1300,1483,0.157,90.2,20395
1861,2652,0.171,86.3,28497
2779,2934,0.139,99.3,43833
955,1411,0.193,71.1,14056
189,223,0.146,94.3,2809
1105,1476,0.18,84.4,16351
1307,1699,0.171,86.0,19863
2390,4006,0.235,61.2,36941
737,1721,0.325,44.4,10824
226,264,0.15,94.1,3294
390,847,0.301,48.9,6069
551,1081,0.241,58.5,8277
1626,4021,0.311,50.2,25027
1202,2093,0.228,60.8,18653
549,1269,0.312,52.3,8054
6348,42427,0.962,14.3,94861
1385,1843,0.183,89.4,21390
330,774,0.32,50.0,5059
207,358,0.247,63.0,2978
250,1419,0.721,22.5,3636
362,3441,1.351,10.3,5234
248,823,0.437,32.1,3749
280,375,0.194,73.4,4149
401,2402,0.752,18.9,6100
251,313,0.157,91.8,3940
4407,17111,0.519,29.4,66774
184,712,0.478,28.4,2737
1015,4666,0.556,26.3,15565
687,6499,1.265,11.3,9960
6005,9756,0.193,79.5,93338
203,291,0.185,88.8,3100
608,1165,0.231,65.3,9483
5859,23899,0.549,26.9,88742
3757,11095,0.409,35.7,59088
3185,8060,0.3,52.8,48888
362,366,0.143,95.9,5485
259,941,0.508,32.3,3902
1831,2481,0.195,75.8,27354
4943,10695,0.291,49.6,75859
1179,3773,0.446,36.8,17658
1248,3050,0.32,51.0,18714
391,3090,0.94,16.4,5980
2795,3058,0.166,81.9,40585
278,1083,0.494,31.9,4157
465,632,0.193,75.3,7094
735,4335,0.908,16.2,10564
1004,1090,0.146,96.0,14569
360,1527,0.551,27.4,5162
212,257,0.176,89.4,3134
1435,1824,0.173,82.9,21799
403,485,0.168,97.1,6185
1316,2791,0.266,53.0,19432
255,316,0.182,75.5,3658
886,2311,0.356,43.4,13136
1111,5230,0.603,26.6,16065
160,405,0.328,49.9,2449
492,2571,0.634,24.9,7462
234,263,0.143,98.4,3383
175,1119,0.881,18.7,2562
6718,12605,0.258,63.0,96148
483,703,0.211,66.4,7058
3152,6778,0.26,58.4,47531
362,563,0.218,69.6,5415
1994,11016,0.725,20.5,28766
2622,5169,0.274,60.0,39141
1337,3775,0.382,35.8,20559
838,947,0.163,94.6,12653
668,910,0.18,78.6,10016
500,574,0.155,97.5,7829
5183,41768,1.184,13.4,75905
3302,9729,0.399,35.7,51549
5758,22048,0.532,27.6,87213
223,2418,1.486,11.0,3252
2318,8460,0.496,31.8,34894
5416,7695,0.214,71.1,78567
266,941,0.46,30.8,4063
180,363,0.265,55.8,2594
2351,3243,0.176,89.9,36322
1203,2282,0.22,72.4,18925
3724,7746,0.313,45.5,53860
236,654,0.356,43.5,3455
2912,6071,0.27,51.0,44891
307,1156,0.523,25.9,4401
252,430,0.226,67.1,3793
264,608,0.331,42.8,3802
3229,3700,0.158,86.7,48413
1794,2782,0.201,78.1,26988
1026,1623,0.231,64.9,15477
533,1538,0.371,42.8,8140
4137,17326,0.536,28.9,61853
616,885,0.196,79.9,9285
3102,6173,0.268,53.8,48798
725,2483,0.473,30.2,11145
565,2222,0.555,27.6,8738
844,3178,0.567,24.9,12221
437,605,0.199,79.9,6502
2549,8288,0.492,30.6,37255
996,1683,0.247,57.4,14293
335,723,0.304,50.6,4960
4718,9748,0.263,62.2,67511
587,762,0.155,88.9,8979
1082,1233,0.157,88.1,16769
4579,10357,0.317,50.6,69358
1528,13943,1.215,11.4,22992
218,413,0.281,48.4,3159
5300,8908,0.225,64.6,79027
1521,2826,0.248,60.2,23307
506,792,0.222,68.6,7413
230,1155,0.629,23.9,3448
2877,5668,0.238,68.2,44674
1519,7421,0.598,26.4,22621
1118,1615,0.212,77.5,16119
4552,13109,0.368,40.5,66027
2941,4100,0.186,73.9,43735
238,2108,1.144,14.3,3620
432,1057,0.289,46.7,6770
351,620,0.215,73.5,5286
2510,8578,0.447,30.4,36725
149,213,0.193,81.6,2280
1206,2266,0.244,66.8,18588
2745,4711,0.233,62.9,39484
4248,11190,0.34,41.8,61748
515,1043,0.265,53.4,7624
3192,5678,0.235,63.8,49696
198,404,0.267,52.5,3083
3511,5316,0.213,72.8,54843
222,532,0.298,49.0,3293
606,2227,0.513,28.2,9462
3119,11694,0.509,29.3,45249
251,2776,1.438,10.5,3595
322,906,0.375,37.1,4903
2238,3609,0.202,77.4,33737
2276,3516,0.198,81.5,33446
1709,5689,0.508,28.2,24565
2092,2162,0.146,96.3,30201
1065,2479,0.286,55.2,16714
345,400,0.152,92.5,5355
528,722,0.185,73.6,7733
276,424,0.205,75.0,4069
4488,26185,0.805,17.7,69897
1306,4527,0.47,29.8,19597
657,6620,1.524,10.8,9595
789,1094,0.193,74.5,12188
5625,16124,0.395,41.0,81364
232,321,0.174,80.8,3643
1358,3627,0.394,40.5,19816
975,1362,0.179,83.7,14471
1431,6726,0.631,21.8,21871
146,713,0.613,25.6,2146
4156,11785,0.398,40.7,60637
5333,10665,0.299,46.8,76678
1200,3634,0.379,41.4,18246
2072,2914,0.188,78.7,30522
4973,30374,0.842,18.7,73846
2126,5807,0.376,41.6,31813
251,268,0.159,85.4,3632
1207,8088,0.877,16.0,19060
1400,1529,0.157,94.8,21469
703,867,0.165,98.8,10510
2301,15557,0.808,18.0,35663
5367,17403,0.425,36.2,77355
5056,10528,0.311,43.5,74738
776,1228,0.196,79.9,11667
214,371,0.241,63.6,3114
6251,10172,0.23,68.0,94242
3570,5800,0.207,78.2,53246
206,1062,0.676,20.6,3257
4825,5861,0.168,85.0,73369
3862,6284,0.224,73.5,60111
1034,1711,0.225,62.0,15223
1344,1614,0.174,90.1,20211
622,1080,0.215,73.0,9526
164,680,0.552,28.2,2477
480,1069,0.291,48.7,7421
3213,5406,0.26,54.5,46243
129,1121,1.035,15.0,2036
509,539,0.147,95.9,7372
633,3366,0.718,21.6,9495
1104,1772,0.206,72.8,16370
4776,8799,0.264,55.6,73086
540,4414,1.17,12.3,7752
506,691,0.175,93.2,7771
2408,3079,0.173,86.7,35811
820,1458,0.266,57.2,11730
333,1234,0.534,30.6,4815
785,4160,0.738,20.9,11741
242,730,0.383,42.7,3470
271,806,0.419,33.0,3987
909,1907,0.288,55.6,14052
680,819,0.15,97.0,10298
4698,9100,0.258,61.7,71668
541,727,0.178,90.1,8255
1325,2042,0.209,68.6,19383
1595,3373,0.279,52.8,23726
133,193,0.18,86.9,2105
1855,3200,0.263,52.4,26813
262,381,0.179,88.2,4013
6009,15386,0.382,36.2,85873
249,1289,0.752,21.6,3577
704,779,0.165,87.0,10126
191,356,0.242,62.9,2792
6401,7727,0.154,90.0,98784
954,1136,0.152,94.4,14264
1331,10502,0.992,14.8,20538
169,325,0.272,55.1,2600
2534,5571,0.309,43.7,37600
289,554,0.244,66.3,4546
4684,5355,0.166,81.4,67111
309,942,0.449,35.3,4462
277,561,0.248,60.1,4216
154,247,0.204,73.8,2307
842,3926,0.639,22.1,12678
1261,1765,0.184,83.3,18225
175,310,0.234,64.5,2586
2708,2743,0.147,95.5,41555
781,2014,0.35,40.6,11780
1029,5174,0.694,19.7,15557
782,1304,0.246,55.6,11216
618,3482,0.764,17.7,9592
1141,1415,0.146,97.3,17858
254,2109,1.153,13.5,3670
282,404,0.186,77.8,4074
4026,6965,0.254,57.3,58234
5405,12184,0.322,43.2,80993
583,4438,0.956,15.9,8615
386,634,0.22,66.0,5767
1584,3320,0.248,62.7,24840
666,2012,0.446,35.3,9895
140,198,0.166,91.9,2208
241,694,0.383,37.4,3684
2289,4562,0.298,50.5,32918
1721,3301,0.242,58.9,26334
154,1003,0.852,19.0,2223
309,364,0.168,93.9,4766
323,928,0.343,43.7,4938
1870,13669,0.949,17.3,27704
147,351,0.338,44.9,2160
200,316,0.226,64.0,3005
3164,5483,0.245,56.2,45715
255,396,0.209,72.5,4021
1786,13769,1.073,15.0,25705
328,1212,0.452,35.6,5078
204,278,0.183,83.7,2951
341,2182,0.854,17.2,5178
2324,2767,0.178,87.0,33739
3855,26811,0.864,18.3,56863
3320,4251,0.173,85.1,51469
656,1588,0.352,42.5,9458
1773,3353,0.239,65.1,27295
289,1595,0.679,23.8,4459
432,3435,0.995,16.0,6296
4268,16804,0.461,29.4,66661
136,734,0.645,21.5,2104
186,581,0.421,38.1,2794
310,598,0.284,56.3,4510
142,262,0.233,63.0,2218
272,345,0.188,81.1,4067
1332,2158,0.235,69.1,19570
718,1173,0.251,64.8,10399
4571,10358,0.337,47.1,65713
3356,6537,0.268,52.6,48960
515,1236,0.332,47.3,7616
365,432,0.161,85.8,5518
566,2482,0.527,30.7,8833
1370,13820,1.326,10.5,20133
399,700,0.226,68.6,5707
1568,6174,0.543,28.2,22984
629,831,0.176,90.1,9922
1155,1390,0.174,87.3,17335
742,4609,0.809,16.9,11015
429,2697,0.798,19.6,6328
5568,10278,0.268,54.6,81737
2659,4758,0.223,64.8,39661
224,824,0.474,34.7,3460
4161,5689,0.205,74.5,59776
915,1703,0.246,63.5,13463
4297,12772,0.384,39.2,66198
2992,26637,1.287,12.3,45704
733,1051,0.203,77.5,10554
151,608,0.528,29.3,2183
377,560,0.194,85.1,5721
1058,2476,0.311,47.8,16643
1517,3263,0.252,61.9,23839
357,466,0.179,88.6,5484
232,273,0.167,87.7,3449
3524,8713,0.342,43.4,52426
6355,28913,0.57,28.8,94080
1065,1334,0.17,79.8,15637
248,600,0.296,49.0,3914
371,1742,0.548,27.3,5803
141,167,0.148,91.4,2149
4603,19448,0.582,27.8,71514
202,1953,1.165,12.3,3170
1289,12084,1.207,11.8,19077
401,668,0.242,66.0,5843
1194,1738,0.206,69.6,17480
1758,5426,0.407,38.0,25572
3481,10015,0.411,38.8,51373
306,826,0.392,40.6,4484
136,241,0.223,71.2,2087
239,1661,0.904,15.2,3416
4365,4540,0.147,93.6,67629
3954,14502,0.48,30.0,61058
1351,1439,0.136,100.0,20702
1463,6396,0.59,25.4,20955
1885,2740,0.185,79.4,26971
272,1037,0.504,30.1,3971
4831,30526,0.833,17.3,71546
687,952,0.169,88.7,10292
624,678,0.166,87.3,8953
1035,2118,0.304,46.3,15228
167,256,0.211,73.2,2403
250,480,0.258,60.1,3833
2352,3039,0.184,86.8,35886
190,558,0.42,38.4,2765
1362,2994,0.273,57.1,21172
363,814,0.29,53.7,5222
611,1376,0.327,41.9,9171
430,477,0.153,90.2,6187
527,2465,0.639,24.9,8040
2269,10421,0.605,23.5,33317
425,759,0.235,61.9,6394
1237,2004,0.201,69.2,18337
858,2991,0.512,27.5,12877
1872,4672,0.35,45.2,26827
5306,5500,0.15,95.2,78104
2283,8159,0.461,32.2,35127
321,493,0.199,70.2,4636
147,247,0.203,76.6,2259
367,851,0.312,50.3,5579
1313,1683,0.155,94.4,20513
169,242,0.208,76.3,2445
909,1744,0.278,51.2,13942
1343,2813,0.254,61.2,20656
513,740,0.217,72.3,7394
2803,4778,0.259,63.3,40811
195,234,0.159,89.1,3034
183,428,0.327,42.1,2683
2397,6105,0.386,37.0,34530
887,3501,0.474,29.2,13894
2034,15156,1.045,13.4,29553
734,5717,1.045,13.9,10959
355,417,0.167,88.3,5243
3282,5634,0.228,71.1,49278
3101,4874,0.203,69.4,45626
1925,4115,0.251,65.3,30289
396,584,0.184,86.4,5799
1279,3008,0.303,53.2,20128
544,831,0.184,88.3,8209
184,510,0.372,42.4,2861
4980,5540,0.17,93.4,72363
223,365,0.203,72.9,3415
5462,17463,0.453,33.1,82310
757,1397,0.268,60.8,11449
282,564,0.252,58.0,4126
1108,5360,0.608,22.4,16661
4172,6993,0.25,63.2,60832
2238,7350,0.397,38.3,35079
3031,27175,1.084,14.7,46919
1763,2047,0.144,95.4,26319
2089,3432,0.227,67.7,30004
3538,4620,0.16,88.9,55435
337,639,0.229,70.8,5311
873,2311,0.328,42.1,13569
321,698,0.286,56.1,4751
6288,9349,0.194,70.8,95290
5530,5632,0.141,96.4,80344
148,554,0.433,32.8,2333
2043,2497,0.163,88.7,31606
4876,5653,0.165,93.2,74644
273,421,0.198,70.3,4053
1252,1373,0.158,93.8,18448
4609,11139,0.308,45.8,71848
159,176,0.168,95.8,2284
2008,2917,0.186,73.3,30614
435,3683,1.057,13.8,6400
4971,6528,0.168,91.6,74396
5787,12754,0.303,53.6,89295
5546,13775,0.313,51.4,80410
879,1631,0.265,61.0,12785
3845,16801,0.584,23.4,58292
3661,8347,0.307,52.2,54436
453,714,0.187,84.8,6969
3478,33281,1.423,11.4,51207
151,501,0.418,34.6,2311
1421,15916,1.588,10.2,20609
318,698,0.31,47.4,4918
203,355,0.204,75.5,3205
175,248,0.18,81.9,2702
1969,2489,0.156,95.1,30479
504,837,0.234,64.8,7559
2204,7933,0.443,32.9,34071
176,234,0.17,93.2,2582
445,653,0.193,79.8,6865
1123,2112,0.252,61.7,16504
2963,4717,0.195,72.6,44100
486,655,0.176,93.2,6959
1619,2390,0.209,74.1,23141
4425,10795,0.327,43.2,64014
1522,2497,0.212,74.2,22251
327,2316,1.029,13.6,4975
150,342,0.306,44.8,2200
4193,10686,0.324,46.6,60159
137,717,0.606,25.0,2173
4098,38041,1.165,12.1,61252
1026,4822,0.661,22.0,15837
5283,10261,0.237,68.9,78791
3024,4060,0.175,82.2,45513
6663,6613,0.141,98.9,99195
528,1633,0.4,41.2,7886
2804,4854,0.225,63.9,40221
645,732,0.165,94.3,9636
901,4014,0.567,25.0,13071
1524,2563,0.203,74.6,23288
4041,5178,0.188,77.9,61007
6245,46169,0.91,18.0,93963
2633,3720,0.169,87.5,40392
675,853,0.183,83.2,10251
699,6259,1.256,13.0,10396
2407,15797,0.905,18.2,35822
343,2362,0.957,14.4,5089
202,646,0.399,40.1,3081
524,1020,0.262,55.8,8007
414,886,0.264,57.9,6152
409,1502,0.429,34.1,6374
324,383,0.16,92.0,4987
150,382,0.324,43.1,2358
136,1170,1.079,14.1,2144
6190,19798,0.409,37.0,95310
676,1264,0.243,57.8,10661
584,1358,0.324,46.7,8994
1933,6164,0.474,34.6,28558
299,1551,0.717,21.8,4697
5446,7926,0.178,83.7,82221
3009,3378,0.163,99.7,43351
194,498,0.384,39.7,2837
669,1645,0.314,44.3,10244
4331,6579,0.231,65.6,62319
5278,6924,0.188,74.7,80556
794,2224,0.349,45.3,12448
1541,2012,0.179,91.4,22039
265,421,0.241,60.4,3844
6418,14038,0.293,50.5,96604
335,528,0.216,68.2,4950
5419,6047,0.15,95.8,79928
1641,2591,0.195,81.5,25395
1393,11637,1.129,13.6,21555
987,2515,0.343,39.9,14861
342,798,0.306,52.3,4930
252,794,0.367,38.3,3989
324,575,0.225,73.0,4738
264,358,0.173,84.4,4147
2808,4291,0.202,75.8,42220
531,548,0.139,99.0,7868
170,566,0.421,34.5,2507
5646,8481,0.179,88.7,88614
4196,5772,0.189,79.0,63468
5067,13378,0.381,42.6,75379
6251,9572,0.2,76.1,98027
253,1590,0.841,19.4,3948
638,1042,0.203,81.0,9423
2594,4750,0.257,57.9,38837
1961,5965,0.419,36.3,30447
244,457,0.232,69.0,3651
3377,4665,0.209,67.7,48652
305,1277,0.557,28.9,4812
324,2843,1.199,12.7,4800
1043,2662,0.32,49.0,16343
1289,2202,0.224,61.3,20343
1244,1717,0.178,88.9,19345
189,207,0.154,93.5,2860
4252,8682,0.276,57.6,61916
368,535,0.193,77.8,5652
224,513,0.289,49.5,3319
4275,6745,0.212,77.1,64712
5455,23090,0.556,28.4,84072
3893,11260,0.379,43.4,58312
3258,4773,0.218,67.1,47465
1788,16050,1.328,11.6,25957
1190,1865,0.204,75.0,17255
184,245,0.183,85.2,2810
678,1519,0.296,45.9,9885
556,1128,0.286,50.3,8594
377,550,0.187,86.6,5525
2360,3442,0.185,79.8,33892
882,3091,0.456,35.9,13915
181,496,0.361,39.2,2746
320,542,0.232,71.1,4732
1969,4014,0.257,60.7,28964
173,781,0.643,24.6,2693
3900,11162,0.388,37.9,55873
935,1274,0.178,91.0,13876
844,1346,0.21,71.9,13107
1288,1508,0.157,98.7,20300
3452,4163,0.174,79.0,50366
497,671,0.162,94.8,7797
1823,7098,0.548,29.5,28376
1228,1636,0.177,79.4,18289
382,3632,1.329,11.8,5684
4224,5718,0.193,70.4,62200
2986,7062,0.312,52.2,45272
1800,5663,0.399,41.2,26285
3892,4741,0.166,87.6,55736
3876,5005,0.159,86.9,59502
2173,21006,1.289,12.0,31953
3674,5756,0.21,64.9,52855
2079,5237,0.347,43.1,30620
1942,4687,0.302,47.4,28613
1458,1977,0.176,84.9,22492
2542,6869,0.358,37.9,38007
249,269,0.144,94.9,3719
4266,15646,0.518,26.2,62748
4238,6319,0.221,69.6,60571
142,220,0.215,70.5,2242
3226,11464,0.434,32.7,50590
211,624,0.394,39.2,3311
506,688,0.19,85.1,7419
2355,3625,0.182,78.6,36663
253,767,0.404,39.6,3751
3213,6016,0.267,58.1,49060
3442,24036,0.875,15.6,51856
943,3518,0.508,28.8,14561
141,289,0.28,53.7,2050
413,2725,0.885,17.7,6147
1555,1770,0.167,85.9,22344
6239,9452,0.22,74.6,92904
1519,1828,0.164,94.9,23684
356,512,0.202,72.4,5526
1670,1662,0.146,94.6,23888
1127,2131,0.234,59.9,16536
2690,4842,0.234,64.0,42263
206,249,0.153,97.9,3039
2594,4621,0.233,67.8,39263
1086,10541,1.228,12.8,16619
5568,7561,0.188,75.1,86521
525,607,0.167,91.5,7618
1514,1978,0.166,81.6,23759
5002,9691,0.235,62.5,76650
195,304,0.224,70.4,2986
5038,5808,0.148,99.1,78226
1967,11831,0.881,18.2,29493
165,303,0.235,70.1,2607
424,1436,0.432,35.5,6491
2220,3451,0.206,67.6,31929
170,273,0.226,64.7,2602
1282,5171,0.568,23.8,19503
514,2058,0.535,28.6,7738
1522,3020,0.242,65.9,22695
164,829,0.714,21.5,2391
3908,13959,0.468,33.9,60498
6233,8300,0.187,85.2,90148
6054,16508,0.407,39.4,88536
2559,5252,0.265,53.9,37554
212,269,0.17,94.7,3326
2465,10265,0.508,30.4,38841
148,349,0.319,45.1,2201
150,284,0.255,64.6,2180
476,677,0.21,78.0,7093
875,1217,0.167,91.1,13527
2604,3352,0.173,92.4,40731
1969,2677,0.179,79.9,28968
779,2927,0.483,30.5,11444
376,3377,1.149,12.2,5833
6281,16173,0.338,44.5,98881
699,3825,0.659,22.7,10594
785,1068,0.191,73.9,11692
258,461,0.223,69.5,3793
3080,20709,0.993,14.0,44811
2033,2366,0.16,85.3,30169
303,995,0.452,32.4,4743
187,374,0.301,48.9,2760
2002,2812,0.206,70.1,28653
1795,3483,0.293,48.6,25883
402,933,0.292,49.7,5824
5391,38184,0.88,15.9,82512
246,518,0.319,46.1,3611
748,1054,0.206,78.8,10853
5442,6363,0.153,92.4,80205
671,1667,0.329,47.2,10330
1694,3751,0.289,48.1,24314
628,942,0.199,73.2,9473
375,459,0.152,94.8,5846
6017,22942,0.479,34.0,93924
671,1518,0.298,49.6,9919
4377,5961,0.191,81.6,66081
314,565,0.236,64.9,4917
314,1461,0.698,20.0,4603
155,282,0.245,66.5,2259
1744,6884,0.542,26.8,25597
546,1084,0.244,55.9,8455
3995,6919,0.25,57.6,58823
807,1026,0.163,88.9,12735
5771,11030,0.267,51.6,88300
272,923,0.437,35.1,4132
4121,15107,0.472,30.8,59812
2751,3812,0.174,88.7,41729
2587,11831,0.532,25.4,40813
3578,10145,0.34,48.3,54486
2617,10803,0.522,26.8,39263
1614,2156,0.194,79.6,23171
232,468,0.297,52.7,3342
146,378,0.337,41.6,2271
4737,13122,0.326,42.5,73370
1437,1765,0.161,86.7,22320
3094,5045,0.238,59.8,45115
833,1344,0.188,74.6,13155
203,264,0.171,90.7,3164
218,274,0.162,91.2,3263
1899,5903,0.382,39.6,29227
688,819,0.143,95.7,10767
288,3064,1.314,12.2,4382
891,2329,0.319,43.9,13684
171,213,0.161,90.6,2571
1361,3775,0.395,34.7,19488
367,1190,0.402,34.6,5728
2981,10060,0.416,37.2,45295
468,781,0.239,65.1,6734
821,1788,0.314,49.4,11869
138,203,0.201,75.4,2093
180,242,0.181,90.5,2655
593,898,0.213,70.7,9286
890,3608,0.523,28.4,13074
1460,1470,0.152,93.9,20914
418,1183,0.408,33.8,6259
2021,9183,0.645,23.5,30323
3736,23445,0.798,18.1,57856
2855,5021,0.248,60.7,42264
157,793,0.698,20.2,2335
886,5068,0.712,22.5,13103
191,718,0.446,37.0,3015
345,1129,0.409,35.3,5155
6387,11997,0.249,64.4,94916
226,361,0.193,83.5,3492
911,1560,0.21,78.5,14080
1463,5290,0.432,33.6,22452
2125,7005,0.492,32.1,31224
1203,1183,0.146,96.9,17858
143,1390,1.431,10.7,2077
468,681,0.175,89.2,7172
1052,4349,0.562,28.0,15156
192,205,0.148,95.3,2820
520,1553,0.393,40.8,7883
145,361,0.297,49.6,2277
176,283,0.192,73.6,2719
658,1188,0.241,62.9,9449
219,736,0.417,38.6,3361
1207,2433,0.274,59.8,18418
1917,3063,0.208,75.8,29676
3149,24159,0.979,13.8,45835
285,2921,1.263,11.0,4376
252,535,0.268,51.2,3851
199,867,0.631,21.9,3010
1597,2297,0.21,69.8,24116
2095,7284,0.496,29.3,31718
150,325,0.283,49.0,2263
5357,22800,0.581,27.8,77915
168,344,0.259,59.4,2450
1141,6710,0.777,20.4,16621
2050,18583,1.21,12.1,32040
4144,28387,1.009,14.6,60364
2095,2634,0.151,95.9,32677
2954,14833,0.65,22.8,46040
525,808,0.208,73.8,7546
3333,22818,0.93,16.1,48461
183,1022,0.811,19.7,2736
4583,8767,0.29,55.8,66266
1191,2389,0.288,51.8,17036
3298,3536,0.149,95.6,48932
791,1043,0.172,95.0,11735
1695,2493,0.196,80.2,24799
1017,2060,0.24,64.2,15680
2255,5791,0.309,50.9,34992
188,448,0.326,42.1,2752
166,182,0.144,95.2,2532
337,591,0.217,64.3,5258
244,386,0.224,62.1,3733
3980,15926,0.478,30.9,60556
328,2327,0.984,14.2,4714
6186,8317,0.169,95.1,90990
499,1627,0.398,38.2,7471
284,607,0.293,49.8,4077
3046,13642,0.675,20.3,43924
1756,2389,0.179,85.3,26312
974,7939,1.109,12.5,14042
1159,1717,0.185,85.1,17562
2162,10660,0.703,22.6,33337
317,409,0.169,89.8,4888
6678,9852,0.184,75.7,98576
6041,31795,0.639,24.8,90609
1724,2828,0.237,60.9,25463
296,870,0.371,38.1,4365
1817,7615,0.573,26.0,28623
168,263,0.186,87.3,2652
150,334,0.311,46.3,2254
354,1057,0.354,45.9,5480
825,3429,0.54,25.3,12218
4002,9047,0.309,44.5,59730
2312,2899,0.176,88.4,34392
2388,5705,0.33,42.7,36548
714,827,0.151,95.6,10566
533,610,0.146,95.2,7740
597,2823,0.629,23.0,8539
6567,28083,0.552,26.0,95283
156,221,0.179,87.6,2339
3841,11208,0.344,45.3,59441
1305,15926,1.574,10.4,19238
773,2369,0.452,34.6,11123
2210,4413,0.244,63.8,34136
873,1231,0.19,81.9,13423
3920,24581,0.734,22.0,60946
4627,23852,0.721,19.9,67810
687,772,0.155,93.0,10411
376,567,0.203,77.6,5906
1403,2354,0.225,63.1,20296
4758,6704,0.205,79.2,70975
298,772,0.311,48.6,4559
1501,2018,0.184,78.3,22878
1544,4132,0.364,43.5,23660
2336,7226,0.452,32.0,35201
219,344,0.217,75.6,3346
2203,5572,0.344,47.8,32899
4798,5378,0.158,98.3,70056
273,643,0.334,41.5,4039
330,353,0.154,93.0,5065
5978,6873,0.16,94.0,89413
279,1082,0.505,31.8,4059
3608,4798,0.172,81.8,56572
876,1853,0.282,49.0,13721
352,374,0.148,92.6,5260
4076,9065,0.297,50.5,60312
739,1150,0.21,77.0,11418
1023,2013,0.262,52.0,14986
551,2074,0.463,30.5,8153
1413,5151,0.558,27.9,20343
244,585,0.331,48.3,3791
631,882,0.204,78.0,9235
5668,10796,0.246,64.5,88722
368,481,0.193,72.0,5490
1749,5392,0.415,35.4,26109
470,1195,0.309,53.3,7137
2842,21881,1.177,14.0,41222
211,297,0.183,83.6,3337
5936,7373,0.158,99.1,88864
764,1927,0.351,46.6,11803
343,3115,1.352,11.0,5035
169,752,0.55,25.3,2666
267,395,0.226,68.7,3885
1053,2038,0.252,65.1,15279
514,657,0.193,80.9,7474
3294,12459,0.484,32.8,51200
728,1060,0.188,78.7,10791
335,481,0.192,71.9,5291
1542,3692,0.359,39.1,22363
2164,4132,0.278,59.1,31755
257,1326,0.644,23.3,3844
262,535,0.267,50.7,3853
147,198,0.183,89.3,2308
2384,5821,0.313,47.9,35657
1752,2615,0.187,85.6,26841
894,1689,0.24,63.1,12806
3753,13460,0.506,27.3,54356
3189,6179,0.246,62.3,46756
1373,2900,0.297,55.5,19748
3921,9560,0.297,45.9,59730
310,1585,0.772,20.8,4474
202,433,0.299,47.5,3098
391,2727,0.887,16.5,5745
170,1029,0.774,18.9,2500
1013,2621,0.341,47.4,15976
5130,15930,0.401,37.5,78035
148,181,0.159,93.3,2332
225,529,0.364,43.8,3224
752,926,0.174,78.2,11730
5169,8381,0.238,57.7,77206
472,648,0.185,73.4,6889
940,3238,0.466,33.4,14548
156,173,0.159,94.8,2353
240,543,0.279,57.7,3573
6111,7753,0.177,84.8,94904
5978,14921,0.331,42.9,87244
133,920,0.837,19.0,2039
5361,7865,0.204,70.6,82818
1634,17514,1.524,10.7,24371
3940,8172,0.27,52.8,59648
823,3037,0.512,27.4,11847
1040,1701,0.225,66.5,15031
901,951,0.139,98.1,13538
1785,3889,0.263,51.8,27165
226,282,0.179,83.6,3453
146,300,0.254,55.7,2248
446,781,0.248,54.6,6671
2163,2356,0.153,93.7,31496
288,335,0.166,90.1,4405
1800,2507,0.182,80.7,27872
5911,17885,0.379,36.7,88895
184,342,0.258,59.1,2887
1889,6878,0.518,30.2,27781
757,1718,0.311,50.0,11348
3978,7531,0.274,53.6,59700
261,345,0.164,84.8,3999
2084,2628,0.165,90.6,30045
3394,9680,0.342,47.3,53083
5566,52632,1.286,11.6,80519
1907,2333,0.161,87.6,28963
967,3573,0.536,25.7,13986
1529,2861,0.248,66.0,22425
3833,38024,1.284,12.2,59878
1283,3204,0.314,46.0,18641
152,179,0.146,98.7,2252
4850,35030,0.849,19.1,76328
1906,4205,0.292,48.1,29683
1906,5510,0.401,37.6,28210
315,425,0.171,91.5,4650
1798,2292,0.166,88.2,26330
636,2108,0.434,31.4,9336
1730,10009,0.82,17.3,25553
207,394,0.244,66.4,3034
1761,4984,0.374,40.3,26223
6492,11165,0.226,70.5,99770
167,1524,1.177,12.9,2415
5803,33217,0.742,22.0,91457
646,1144,0.226,71.8,9825
4112,15378,0.513,29.1,60313
2824,3604,0.166,87.2,42685
1167,8363,1.002,15.3,18381
2292,9418,0.528,29.4,35944
4206,4720,0.15,99.9,62172
678,1582,0.326,49.0,9719
481,737,0.192,73.3,7188
1817,7189,0.549,26.4,27242
3086,6087,0.24,64.9,47155
2566,3656,0.189,75.3,39457
2877,9112,0.387,38.3,45341
716,976,0.194,84.6,10991
3252,5511,0.239,64.3,49034
206,611,0.363,45.0,3200
1075,1976,0.26,60.2,16830
139,283,0.253,61.9,2045
493,2049,0.614,24.9,7120
583,1364,0.301,46.2,8387
635,1739,0.368,40.9,9421
1934,4760,0.309,46.1,30381
624,880,0.21,78.5,9144
741,1506,0.268,53.4,11570
343,353,0.15,94.6,5065
590,1826,0.422,36.4,8613
331,779,0.317,47.4,4865
185,232,0.168,80.8,2663
1446,2677,0.235,59.1,21196
1855,3649,0.269,59.2,27308
1468,10791,1.01,14.8,22569
852,1800,0.304,45.9,12260
570,2047,0.433,34.4,8836
4064,3883,0.143,99.9,58587
996,2932,0.375,37.8,15238
836,1075,0.183,89.6,13036
152,215,0.206,70.9,2211
481,1297,0.335,40.7,7599
609,1221,0.279,58.9,8850
619,881,0.185,85.6,9519
1339,1591,0.159,89.5,19351
1095,4602,0.603,24.4,16128
1461,4089,0.397,40.6,21569
2621,7496,0.363,40.2,39860
3066,26735,1.103,13.8,48113
2286,3545,0.237,63.8,33197
5417,7348,0.169,86.9,84030
141,382,0.348,44.3,2147
289,383,0.195,76.6,4301
137,220,0.204,66.5,2060
1628,4602,0.364,43.8,25180
4312,19251,0.61,22.7,67105
332,529,0.202,73.8,5184
5193,6716,0.175,86.9,75168
160,298,0.218,71.7,2531
5404,51474,1.269,11.6,77376
511,2026,0.533,29.5,7914
190,1174,0.855,16.3,2973
898,1805,0.252,61.3,13381
348,597,0.205,78.1,5461
410,2309,0.81,20.0,6095
459,541,0.178,85.5,6654
2945,5804,0.241,60.0,46275
1131,1670,0.194,72.1,16483
445,471,0.149,97.4,6759
1402,9706,0.862,17.5,21775
2124,2434,0.155,91.1,32941
403,2119,0.766,21.3,5810
646,1736,0.357,45.4,10084
222,253,0.157,86.6,3221
272,357,0.166,91.6,4062
1826,4099,0.286,55.6,28722
270,437,0.224,63.5,4067
1073,1717,0.204,73.7,15605
2184,2528,0.173,84.9,32038
202,1083,0.673,20.9,3038
1271,1799,0.185,82.9,18402
349,801,0.309,53.3,5456
6003,11733,0.289,50.6,86499
914,2243,0.315,48.2,13260
3186,6144,0.259,55.8,46815
1183,1327,0.17,95.1,17212
158,346,0.271,59.3,2370
1615,1691,0.147,95.8,23808
5545,24731,0.618,26.2,82686
1382,2009,0.186,75.2,21045
3308,4220,0.166,83.1,49295
4135,6706,0.217,71.1,63572
323,514,0.227,64.6,4881
298,574,0.248,60.8,4584
1400,1976,0.177,87.5,21830
653,870,0.163,83.9,9985
3688,18235,0.685,21.0,53447
4455,5996,0.172,86.4,67630
544,1098,0.303,47.3,7970
325,1132,0.416,32.8,5052
2803,3188,0.156,88.3,42375
375,978,0.325,48.9,5860
3210,5308,0.196,82.8,49960
707,2307,0.414,33.7,10494
1835,19257,1.376,10.4,27238
188,428,0.283,54.6,2906
1526,10706,0.86,19.0,22958
809,1149,0.185,77.9,11710
1279,4675,0.461,34.8,19845
244,598,0.301,49.9,3859
2417,15239,0.918,17.8,35723
3723,11289,0.389,35.8,58465
326,458,0.204,80.3,4669
196,899,0.627,23.6,2908
145,271,0.24,68.2,2193
1631,1841,0.161,92.6,24644
1443,2059,0.212,71.2,21501
1085,1594,0.192,83.0,16976
344,1890,0.791,19.8,4955
623,2141,0.472,32.6,9229
1321,1811,0.163,90.5,20465
936,1552,0.214,74.4,13964
6122,11134,0.242,67.6,95334
216,309,0.194,69.7,3410
2049,5014,0.323,47.3,30343
658,5764,1.149,14.0,9726
717,1020,0.192,80.6,10678
2138,3492,0.224,71.1,33128
2022,4187,0.308,52.6,30023
6156,7974,0.173,91.0,96637
222,636,0.389,40.3,3304
201,714,0.449,36.5,3005
2302,3309,0.182,88.6,34014
1331,1842,0.195,81.7,19217
403,755,0.244,56.3,5845
190,979,0.653,21.8,2728
195,753,0.517,29.4,2796
4527,7821,0.226,69.1,66104
295,739,0.323,44.7,4236
489,553,0.162,85.3,7086
330,330,0.151,95.5,4854
511,843,0.192,82.5,8019
167,480,0.367,44.0,2624
1050,1614,0.201,81.0,15236
173,486,0.352,41.6,2605
3149,13093,0.584,25.0,45794
326,2847,1.132,13.0,4989
1091,2726,0.327,44.7,16538
4253,5011,0.17,91.3,62554
1771,5450,0.463,31.5,25518
1028,3849,0.474,28.6,16088
491,500,0.152,97.3,7113
504,4125,1.157,12.3,7358
1795,2164,0.168,80.7,27445
6421,19496,0.383,38.9,97733
1695,15105,1.056,13.4,26636
1124,1444,0.16,92.6,17729
2318,10872,0.635,22.6,34864
789,1741,0.257,59.7,12342
163,543,0.475,34.7,2530
1244,8272,0.954,15.9,18044
5688,43134,1.065,14.5,84724
268,1536,0.797,20.4,3970
1920,12525,0.89,16.4,29739
302,373,0.178,78.5,4389
1124,2068,0.267,53.7,16269
195,526,0.36,40.9,2919
808,1845,0.324,47.7,11646
2656,2858,0.144,93.6,38523
531,682,0.175,92.0,7790
1839,2329,0.184,74.4,26958
2876,4312,0.181,89.6,44923
4899,15769,0.422,38.8,75210
319,866,0.372,44.3,5008
604,1086,0.244,65.2,9537
233,404,0.211,66.1,3630
6719,14789,0.293,53.4,97102
4880,11527,0.306,46.1,75158
1154,1302,0.164,98.8,16534
3628,4605,0.172,83.9,53903
996,2323,0.295,49.1,15350
1528,2657,0.215,75.5,22934
183,566,0.395,34.3,2834
2683,13580,0.741,19.0,38389
227,529,0.354,41.7,3296
3216,7984,0.337,46.3,50640
2968,29509,1.344,11.5,42625
2180,2775,0.186,83.3,32001
147,437,0.381,42.3,2303
443,758,0.223,62.2,6546
378,2434,0.905,16.7,5598
530,2575,0.609,25.7,8182
192,244,0.171,90.1,2817
4994,8844,0.229,64.8,78143
1162,1336,0.142,95.5,17455
418,469,0.137,99.9,6608
659,1464,0.319,43.5,9451
786,2403,0.394,36.9,11503
1349,1743,0.159,87.3,20961
986,1177,0.148,99.9,15036
4698,7896,0.211,66.7,72954
956,1324,0.194,81.6,13975
6180,9429,0.201,80.4,96978
3854,10071,0.349,42.0,55921
314,510,0.244,61.7,4521
5171,7807,0.193,85.0,76222
204,322,0.21,71.9,3153
3218,34783,1.385,11.9,48961
589,1531,0.346,40.3,8865
4179,21777,0.699,23.0,62041
4045,15133,0.484,31.0,59680
3137,3558,0.148,91.5,46802
2888,25748,1.232,13.3,43981
456,1658,0.551,29.8,6586
175,567,0.387,37.9,2744
642,1301,0.25,65.5,9675
270,440,0.24,58.1,3943
1932,7644,0.524,29.6,30320
526,2103,0.568,24.8,7745
6253,22477,0.455,31.3,90899
1662,3312,0.287,55.2,24548
3166,9909,0.425,34.4,49934
216,223,0.142,95.3,3358
3824,8684,0.285,51.7,58286
4796,36944,0.928,15.3,73920
937,1352,0.206,75.6,13444
1450,3533,0.356,39.6,21430
2602,4719,0.233,68.8,39849
275,759,0.407,35.2,3963
975,1559,0.239,61.4,14284
620,927,0.181,79.5,9513
233,314,0.165,93.5,3545
544,1900,0.412,33.5,8422
182,483,0.372,40.1,2611
147,297,0.28,51.8,2212
235,309,0.173,93.4,3393
5682,6100,0.151,91.1,86563
1185,7197,0.884,18.1,17165
5572,26634,0.64,21.9,87484
758,1492,0.252,54.6,10860
470,2550,0.72,19.6,6773
952,2254,0.336,41.1,14486
764,3306,0.645,23.4,11162
206,395,0.245,67.2,3023
1701,1853,0.143,95.5,24534
304,359,0.149,99.7,4656
1500,3550,0.335,43.8,22578
1758,2879,0.227,63.9,25450
248,307,0.166,87.1,3625
167,1086,0.787,20.6,2542
2925,3726,0.188,72.1,42415
769,2049,0.338,46.8,12084
172,584,0.499,28.6,2511
6342,15349,0.317,46.2,98011
163,1033,0.877,16.8,2507
2020,3213,0.199,72.6,30330
6222,18771,0.421,32.7,93814
340,912,0.364,38.0,5097
233,1179,0.689,20.9,3489
210,313,0.182,87.8,3215
422,880,0.256,54.4,6550
203,346,0.256,61.5,2969
1979,3212,0.235,61.2,29991
170,443,0.344,46.9,2551
992,3911,0.541,27.3,14673
6850,8573,0.182,77.1,98716
3286,19626,0.768,21.4,48299
1412,7449,0.725,19.3,22195
456,746,0.206,73.9,6627
1605,5486,0.528,28.8,22962
1045,2821,0.389,37.6,15720
739,1579,0.31,52.8,10590
223,530,0.318,50.4,3335
4260,6559,0.217,73.8,64171
761,1511,0.248,66.1,11619
289,454,0.219,68.0,4282
546,710,0.186,74.3,8430
647,2362,0.435,36.3,10107
3234,10407,0.375,39.0,50932
2302,5140,0.285,49.4,35271
2675,8540,0.397,37.7,40556
139,159,0.165,98.6,2088
665,817,0.168,83.3,10187
918,4101,0.647,24.8,13146
140,1653,1.405,10.5,2155
366,2781,1.004,13.9,5526
2506,8857,0.502,32.0,39150
222,1349,0.809,20.3,3419
1033,1813,0.248,58.0,16237
311,363,0.165,87.2,4641
143,199,0.192,76.3,2097
332,1343,0.542,29.4,5138
5986,12149,0.295,45.9,90993
2918,5402,0.254,55.7,46006
5884,8121,0.188,82.9,85373
924,1205,0.172,85.5,13485
195,237,0.158,91.9,3072
1122,2576,0.289,55.8,17060
824,1236,0.224,72.5,11830
3587,20482,0.815,20.1,54396
196,368,0.235,60.9,2935
887,3277,0.501,32.4,13506
242,570,0.322,48.9,3597
497,807,0.208,67.1,7122
2504,8155,0.463,33.1,35791
881,5357,0.924,14.7,12875
574,6770,1.431,10.9,8702
623,5530,1.309,12.0,9359
792,9194,1.476,10.8,12067
3014,14627,0.703,19.9,43127
4461,15888,0.488,31.6,65562
5569,19889,0.469,29.9,83968
2755,3526,0.165,98.8,43446
458,1498,0.414,37.5,6869
2063,10295,0.642,21.5,29522
740,1208,0.238,59.1,11079
349,509,0.178,87.2,5416
3406,5220,0.21,71.0,53659
152,456,0.429,36.6,2324
4729,8800,0.237,60.5,68092
851,1263,0.208,74.3,12163
1684,2090,0.186,75.5,24188
1798,2891,0.216,70.0,26378
4448,5855,0.185,88.4,66344
1623,2087,0.174,88.3,24138
1478,2487,0.22,62.1,22084
176,471,0.338,48.7,2595
1004,1411,0.206,67.7,15198
243,317,0.187,83.6,3598
2296,23641,1.437,10.5,35802
965,987,0.145,99.3,14834
1972,8266,0.53,26.5,28623
163,343,0.268,52.3,2354
186,265,0.182,88.5,2786
2094,9032,0.533,30.3,32964
184,399,0.282,52.9,2651
179,758,0.63,21.9,2642
138,343,0.355,45.6,2097
5678,23433,0.577,25.9,84352
2370,6622,0.347,42.7,35812
529,1336,0.338,43.6,7965
441,468,0.147,99.4,6380
505,562,0.151,99.5,7855
2651,16059,0.753,20.3,41413
1684,2833,0.198,75.3,26587
270,2201,1.105,14.7,4127
254,2299,1.136,12.7,3952
190,1110,0.782,19.5,2939
1678,2082,0.149,96.9,26476
2579,3294,0.166,94.7,39781
369,1372,0.503,27.5,5640
137,611,0.573,24.6,2170
185,636,0.503,31.6,2758
5919,11788,0.249,56.4,88185
406,870,0.251,61.3,6353
2728,11059,0.548,29.9,40543
1611,2098,0.193,78.1,23031
620,1709,0.371,37.9,8911
283,344,0.156,93.0,4471
220,353,0.231,69.1,3215
1456,2973,0.295,49.3,22177
2640,4313,0.193,81.1,41410
1621,2490,0.189,83.6,24831
1042,3522,0.415,36.1,15921
157,454,0.391,40.6,2356
5988,7121,0.153,94.2,88402
3108,14014,0.606,24.8,45501
408,3457,1.128,13.8,6288
6054,13601,0.275,50.9,92463
1377,2020,0.174,82.1,21067
1283,2050,0.195,79.5,19523
2612,3283,0.167,92.8,37323
3281,6491,0.258,58.0,47885
1821,11229,0.836,19.0,26083
224,419,0.237,63.0,3301
496,756,0.202,80.1,7511
4976,30166,0.854,18.4,75477
320,1434,0.566,25.5,4815
567,6146,1.322,11.1,8576
746,1282,0.244,63.4,10842
741,1062,0.18,89.8,11157
1436,2094,0.199,70.4,21998
5482,6660,0.153,98.4,80036
353,2350,0.884,15.7,5128
212,256,0.157,91.3,3217
293,427,0.187,83.3,4330
4094,12246,0.359,38.3,64252
1672,2140,0.159,97.6,25017
389,1491,0.451,35.9,6120
3092,4038,0.182,90.0,48674
3919,4260,0.159,89.3,58139
3585,5884,0.201,78.2,54857
4972,10633,0.268,60.7,72821
371,1708,0.662,20.8,5365
2464,4404,0.255,57.9,38355
826,2256,0.386,42.1,12119
3598,4566,0.174,81.3,53896
2215,3789,0.208,78.2,34571
2822,3110,0.164,92.0,41705
1755,14946,1.217,11.3,26051
267,387,0.179,82.8,4003
1172,1203,0.153,94.5,16866
6291,8768,0.177,81.0,94179
5474,26500,0.696,21.7,78275
158,1055,0.863,17.3,2367
244,2193,1.258,11.9,3811
222,331,0.207,66.6,3348
2209,4022,0.239,66.7,34233
3300,3971,0.151,98.8,49025
313,813,0.348,45.8,4610
961,2634,0.401,39.9,14469
3431,6206,0.218,66.2,53624
2336,2566,0.16,84.3,35159
1065,1560,0.172,94.3,16683
1366,1819,0.192,82.3,20137
1002,2081,0.286,48.4,14612
446,680,0.232,67.1,6405
1173,1437,0.156,87.1,18238
1980,3711,0.251,54.2,29609
4088,15288,0.511,29.5,60922
1674,5963,0.546,25.3,24102
2651,34585,1.637,10.0,39278
240,430,0.217,74.6,3740
806,4824,0.773,20.0,12167
140,450,0.429,31.9,2074
356,1072,0.393,36.8,5249
2369,3851,0.242,60.4,34297
6250,17159,0.326,45.8,96846
205,279,0.198,70.7,2948
613,5034,1.015,15.0,9619
3197,16351,0.7,21.2,45743
306,678,0.298,54.9,4443
1188,3816,0.404,40.3,17542
2401,7004,0.415,36.6,35196
1420,11248,0.963,16.0,22262
265,326,0.154,90.6,4173
514,720,0.196,72.3,8031
2743,16315,0.774,20.9,42920
1171,9181,0.984,15.9,17484
132,141,0.144,97.7,2041
2711,4172,0.213,71.3,39258
152,392,0.343,47.6,2296
2513,3760,0.199,73.2,36983
298,428,0.18,78.1,4416
5556,8074,0.204,80.2,84872
547,1185,0.281,53.0,8436
471,1072,0.303,48.7,7185
245,2234,1.301,11.0,3580
444,620,0.173,93.4,6610
4013,6939,0.249,64.3,61721
6780,23694,0.52,28.3,98576
538,647,0.147,92.8,8448
786,885,0.161,92.3,11566
2233,2497,0.142,99.0,33713
4370,5366,0.157,88.7,64069
1414,1423,0.147,99.8,20351
632,1870,0.431,32.0,9251
665,890,0.191,85.8,10047
1955,2318,0.162,84.1,30399
139,461,0.478,30.8,2025
1499,8990,0.742,18.9,22578
512,671,0.159,98.1,8035
3045,7544,0.375,36.6,44704
187,264,0.171,88.4,2877
1271,13946,1.525,10.4,19969
910,9304,1.375,11.9,13127
1642,3447,0.3,51.9,24678
168,515,0.438,31.5,2577
1317,1942,0.191,72.1,19337
1245,2302,0.258,60.9,17987
1135,7619,0.833,17.0,17929
1439,6290,0.602,24.6,21200
1930,4711,0.366,44.9,28205
3018,14602,0.598,26.7,46631
382,603,0.197,81.3,5747
3224,7764,0.339,47.4,50438
959,5713,0.834,18.4,14045
186,401,0.294,53.6,2703
161,1029,0.802,18.2,2514
508,2866,0.764,21.6,7394
2951,10168,0.454,31.6,43106
2092,3045,0.175,87.4,31868
2971,3292,0.154,93.2,43738
958,1254,0.164,84.4,15130
778,2207,0.379,40.1,11192
238,764,0.422,34.5,3560
487,905,0.257,59.4,7221
740,1133,0.202,75.0,10924
189,221,0.152,99.4,2828
327,1530,0.635,21.8,4740
1399,10031,1.027,14.4,20768
2466,3912,0.22,72.5,35554
6678,9102,0.17,84.9,99355
4963,7112,0.172,86.2,76977
1714,2734,0.211,71.1,24701
705,906,0.168,95.9,10392
1638,3096,0.276,56.0,24092
3022,3207,0.15,92.2,43234
202,242,0.166,97.1,3177
658,980,0.185,86.2,9941
3469,10652,0.416,37.9,53435
606,2546,0.539,27.7,8977
1287,2646,0.266,59.3,18733
1391,3162,0.294,50.8,19935
273,381,0.177,89.0,4115
565,3549,0.849,19.0,8250
514,1838,0.487,33.2,7402
150,204,0.191,77.7,2215
142,891,0.867,18.5,2198
3488,8513,0.355,38.9,51767
406,838,0.308,44.8,5820
1061,1891,0.229,66.0,15178
435,1914,0.638,24.2,6435
5490,6611,0.16,87.5,79289
356,766,0.297,50.3,5515
697,875,0.149,92.5,10739
4235,8688,0.294,52.1,60781
3461,12235,0.462,34.8,53882
267,1402,0.69,22.8,4142
3055,34778,1.416,10.3,46205
807,1612,0.285,57.9,12008
891,5561,0.788,19.6,13230
220,612,0.352,45.3,3371
190,318,0.246,63.0,2741
2395,7450,0.473,34.8,34496
919,4557,0.619,25.8,13947
731,984,0.189,79.7,11046
2360,2868,0.153,95.2,34709
2707,15105,0.817,19.0,39958
245,1212,0.636,24.0,3724
1438,1803,0.16,96.4,21766
222,1899,1.084,13.4,3396
2453,2747,0.151,98.0,37808
1734,20460,1.457,10.4,26132
5730,8037,0.181,88.6,84389
178,550,0.419,37.7,2619
171,187,0.147,94.5,2500
397,1129,0.37,38.5,6031
380,597,0.197,68.9,5567
333,2229,0.786,17.2,5255
4609,14621,0.446,31.8,69299
364,504,0.2,79.6,5308
391,894,0.282,57.6,5795
2594,2899,0.157,93.5,39014
785,1980,0.313,48.6,11617
2896,3803,0.177,88.3,41748
173,381,0.325,50.4,2582
924,1077,0.165,98.1,13470
159,161,0.142,96.4,2281
173,489,0.36,39.6,2555
4657,5092,0.152,89.7,69348
219,295,0.178,86.3,3448
1056,4696,0.54,29.0,16054
670,996,0.218,66.2,9987
534,3817,0.971,16.5,7783
4477,5890,0.174,85.3,67580
151,636,0.642,25.7,2178
1748,10153,0.825,16.4,26840
5918,12712,0.3,46.0,86657
1183,1929,0.233,61.9,17895
5199,6071,0.156,86.9,78102
168,203,0.162,97.7,2453
672,1472,0.276,49.6,10293
354,2848,1.02,15.4,5533
2330,3003,0.176,77.4,34887
6214,10080,0.234,60.9,92944
374,824,0.319,50.3,5455
1804,5496,0.432,37.8,25849
276,628,0.267,55.2,4341
1228,3480,0.405,40.5,18260
833,1187,0.197,78.1,12281
6265,11731,0.25,59.0,89626
1505,2013,0.179,88.9,21622
534,1047,0.244,58.9,7849
208,666,0.455,31.4,3125
232,291,0.179,86.6,3614
318,567,0.244,60.1,4828
358,1206,0.486,28.6,5338
3799,5831,0.207,66.1,55744
1214,3647,0.376,42.2,17969
1055,1451,0.181,86.0,15497
207,421,0.29,50.8,3133
3945,5736,0.215,75.4,57860
2173,14494,0.792,18.6,33811
167,445,0.342,45.6,2606
2054,2849,0.165,98.5,31887
1161,1699,0.194,82.8,16768
175,932,0.616,24.4,2753
825,2865,0.444,35.0,12013
864,2431,0.371,39.7,13320
254,453,0.225,68.5,3825
5615,7343,0.183,78.1,80861
3738,5030,0.191,77.5,55604
1773,3283,0.253,55.9,27395
795,980,0.164,83.0,12202
695,1428,0.309,49.3,10013
1689,9086,0.761,21.1,25527
1135,1886,0.223,60.8,16892
169,204,0.147,95.7,2551
978,1379,0.183,81.4,14851
3039,5745,0.25,62.1,46890
818,1174,0.205,68.2,12057
166,167,0.146,93.8,2450
2824,6933,0.31,48.6,43340
301,942,0.401,39.8,4396
379,374,0.139,98.0,5500
264,319,0.166,87.7,3809
468,1502,0.396,39.1,7278
2523,4725,0.268,51.7,38612
1053,2220,0.3,47.4,15256
288,1503,0.645,23.4,4457
3928,5466,0.17,96.2,62006
4316,8801,0.31,46.4,62432
3948,4812,0.169,88.8,60272
336,1433,0.544,27.0,5090
774,1522,0.273,59.3,11686
6505,56540,1.128,12.2,94296
2688,3581,0.193,78.8,40987
154,268,0.258,62.3,2224
174,306,0.248,66.3,2581
820,7090,1.064,14.7,12281
4592,18748,0.505,29.0,70108
1068,7821,0.883,16.7,16453
946,2800,0.404,36.0,14021
200,370,0.23,66.5,3021
1812,3604,0.258,61.0,26114
3321,5989,0.245,65.1,49860
591,1207,0.248,59.4,8858
2748,10069,0.453,34.6,41569
5969,24185,0.508,32.0,87025
293,1734,0.728,22.3,4438
1009,1476,0.181,86.4,15493
424,787,0.235,65.5,6149
2993,12329,0.564,26.8,44469
1288,5480,0.541,25.9,19157
1613,1767,0.157,88.6,23942
3090,4619,0.195,76.8,45358
615,1002,0.202,69.3,9413
4559,12226,0.327,46.6,71736
1106,3958,0.46,33.6,16092
238,280,0.154,98.2,3710
2073,2555,0.166,81.8,30432
2845,7392,0.368,37.2,44540
454,514,0.16,86.3,6905
3646,5245,0.178,78.3,57194
4628,15720,0.448,36.7,69269
399,833,0.3,48.4,5908
6045,23913,0.538,26.7,93756
228,1147,0.683,20.0,3468
306,472,0.205,75.0,4408
272,952,0.454,34.1,4111
4536,5051,0.167,83.8,66052
1797,2220,0.163,99.6,25861
253,1625,0.941,16.9,3626
776,1563,0.27,52.6,11197
1453,1868,0.182,82.2,22202
193,279,0.184,81.0,2772
4340,5364,0.186,78.4,63129
3196,9365,0.385,41.4,46379
915,1978,0.272,50.8,14433
6128,9357,0.232,63.5,87932
702,702,0.151,97.7,10251
6432,17253,0.378,39.5,93973
1742,2499,0.173,93.1,27277
1554,4495,0.413,34.2,23950
267,277,0.139,99.0,3828
4200,7091,0.218,70.3,63008
702,1375,0.271,51.7,10649
260,363,0.21,65.2,3772
134,487,0.428,34.5,2101
1181,3502,0.408,34.7,17866
1036,5235,0.721,20.2,15742
2190,12179,0.705,20.3,33357
4256,10245,0.334,41.3,65095
176,262,0.193,78.7,2728
2255,3340,0.21,64.7,34980
281,1949,0.853,19.2,4163
3988,4758,0.168,86.7,57417
3287,6585,0.243,64.1,49271
1083,1338,0.165,96.5,16589
2072,3181,0.204,70.3,32189
471,2263,0.611,25.8,6840
881,1854,0.304,52.6,12633
3267,5107,0.208,68.4,49769
787,7251,1.314,12.5,12058
546,5289,1.196,11.3,8108
947,4144,0.654,21.6,13825
3389,13061,0.485,32.6,51074
501,1082,0.289,48.7,7422
268,521,0.289,53.9,3946
2260,10455,0.717,22.4,32413
3261,6382,0.232,70.6,50622
207,364,0.234,63.7,2964
337,1192,0.45,36.5,5111
237,2258,1.312,11.2,3485
523,3080,0.833,17.0,7801
775,2005,0.332,45.3,11645
2545,12382,0.648,23.9,37433
1685,4522,0.339,43.9,25545
1456,2523,0.228,66.5,22697
528,1084,0.249,59.3,7937
3593,12018,0.489,30.8,53780
817,2312,0.4,40.9,12639
6411,11472,0.23,65.3,92150
1549,2005,0.163,87.5,23901
216,320,0.203,77.8,3277
1813,3597,0.243,59.8,28173
477,1322,0.374,42.6,7134
1916,4227,0.319,42.9,29314
174,219,0.163,89.1,2626
256,1915,1.019,13.5,3964
3622,3650,0.139,98.9,56872
333,509,0.222,69.8,4864
3573,5406,0.206,71.3,52861
391,3258,1.201,13.4,5963
1574,3106,0.233,64.5,24732
2088,4102,0.268,53.6,30225
957,5714,0.802,19.5,14859
459,1503,0.439,35.0,6603
305,429,0.176,90.1,4595
149,302,0.259,59.5,2277
448,916,0.297,47.2,6567
1781,11130,0.938,16.5,25747
5169,8319,0.198,74.3,78556
3990,5814,0.203,73.3,60419
2651,4510,0.249,65.3,40045
3037,5860,0.261,55.9,43709
1832,3923,0.313,49.0,26966
359,699,0.23,63.4,5536
4490,16604,0.445,31.0,69554
1789,2210,0.157,94.7,27579
1166,2319,0.243,63.0,17914
200,594,0.387,38.0,3087
778,1767,0.291,50.5,11496
776,1205,0.193,82.5,12110
3880,14759,0.554,24.5,58870
1145,3659,0.396,36.4,16973
578,1063,0.224,71.2,8857
5823,21093,0.424,38.4,91323
197,292,0.181,81.3,3084
670,3815,0.744,21.7,10445
162,198,0.179,78.6,2357
2448,14836,0.877,16.2,36149
4627,48566,1.441,11.1,72579
394,503,0.178,90.8,5981
3745,6597,0.227,62.3,57454
421,1067,0.328,41.7,6273
4713,15116,0.445,30.9,70534
2541,4203,0.218,65.5,38193
3050,6382,0.283,55.8,46616
137,168,0.151,99.2,2145
5903,7163,0.151,98.5,86460
2375,4045,0.227,67.2,34325
458,974,0.324,49.9,6588
3269,6487,0.254,54.2,51303
410,691,0.218,71.4,6016
4144,26068,0.851,19.1,60787
216,605,0.358,39.6,3106
2039,13641,0.955,16.8,31374
1132,7462,0.939,16.6,16582
185,675,0.49,27.6,2917
347,717,0.264,53.7,5152
137,200,0.19,80.6,2099
856,1622,0.279,53.7,12515
449,1167,0.375,40.2,6499
1366,8508,0.815,17.4,20778
427,917,0.261,59.5,6397
414,1306,0.416,34.4,6465
2420,3827,0.224,65.3,36617
158,179,0.149,97.9,2414
4415,25499,0.775,20.0,68394
3887,13454,0.473,29.1,56104
1753,3635,0.268,52.6,27265
1376,1533,0.145,97.2,20365
4545,6181,0.174,79.5,65618
286,301,0.155,90.8,4129
186,554,0.383,40.0,2723
329,439,0.158,99.3,5104
3079,17542,0.804,19.3,44770
149,1068,1.011,14.8,2290
1358,1633,0.157,87.0,19552
6685,8953,0.175,93.5,98230
3899,20673,0.771,18.2,56863
982,5835,0.767,20.2,15379
172,1629,1.251,13.0,2565
3557,19400,0.804,19.4,51702
1438,5329,0.491,28.8,20829
199,241,0.148,97.3,3135
200,301,0.194,70.1,2887
4467,6816,0.192,80.1,70219
1848,2672,0.192,79.9,27414
3484,7076,0.27,58.2,51281
3989,4920,0.165,81.8,62285
1191,2469,0.251,63.6,18726
1038,3206,0.41,38.3,15141
709,1323,0.23,60.5,10772
442,912,0.251,58.0,6910
749,1031,0.183,84.1,10949
2848,2932,0.152,98.4,41288
1416,3364,0.295,47.0,21070
4230,5589,0.175,78.7,65675
718,5169,0.835,19.0,11332
1462,1842,0.175,79.9,21500
1583,3544,0.323,43.4,23637
1369,12871,1.181,13.5,20244
2148,5943,0.359,42.7,31245
335,631,0.236,65.0,5063
952,4908,0.721,20.7,14842
209,264,0.163,93.2,3006
602,4132,0.901,17.0,9001
908,1172,0.175,93.7,13476
1784,2671,0.192,73.6,25653
5730,15176,0.356,39.7,82405
1407,2940,0.303,45.2,20966
2395,3715,0.202,76.7,36675
1014,1758,0.236,64.1,14493
1621,2533,0.196,70.4,23897
174,408,0.324,45.0,2639
362,745,0.26,53.9,5410
544,638,0.146,99.1,8237
879,3285,0.559,29.3,12699
159,352,0.327,47.6,2391
238,655,0.373,36.3,3458
407,564,0.181,78.9,5906
6157,7768,0.172,78.8,89461
498,1673,0.431,36.3,7311
910,5810,0.86,17.3,13182
283,3317,1.494,11.0,4307
1398,3199,0.324,48.5,21813
413,882,0.321,46.9,5996
299,377,0.161,99.0,4494
968,2371,0.299,52.3,15089
130,443,0.43,33.1,2043
132,175,0.167,90.2,2060
322,674,0.28,54.2,4712
157,247,0.232,63.9,2308
197,1189,0.754,18.6,3051
519,1194,0.319,44.5,7529
3012,3559,0.151,95.0,46195
1286,2036,0.215,63.1,18746
989,3099,0.396,41.0,14860
430,712,0.235,66.3,6304
5044,6319,0.169,91.9,76568
620,2030,0.439,34.7,9452
193,415,0.281,55.5,2811
1421,1883,0.171,96.3,22356
218,838,0.574,25.5,3122
522,885,0.209,74.8,7718
963,1622,0.223,65.3,14558
4128,6360,0.226,71.2,61137
884,2754,0.386,41.6,13789
2082,6926,0.424,38.2,31199
6796,9180,0.189,71.6,97229
217,842,0.49,29.4,3345
399,796,0.291,47.8,5858
620,2514,0.552,26.9,9362
704,6770,1.394,10.7,10416
646,715,0.147,97.3,9984
4630,11313,0.321,48.9,69668
2282,2376,0.147,97.2,32670
1394,7797,0.71,22.6,21569
453,749,0.223,62.9,6708
3371,12570,0.52,28.1,50190
5628,7379,0.189,81.1,83878
3350,4490,0.19,80.5,49684
134,645,0.682,20.1,2012
1529,2187,0.174,92.1,24113
169,722,0.556,27.5,2442
377,707,0.247,65.2,5478
162,211,0.163,98.7,2524
1402,1727,0.169,89.4,21225
2009,2583,0.169,96.1,29344
218,627,0.393,40.8,3129
625,3427,0.84,19.5,8977
826,3837,0.596,27.0,11916
545,1125,0.29,55.0,8473
222,294,0.183,81.4,3211
712,3103,0.601,23.5,10299
2487,4717,0.234,69.4,37779
174,572,0.4,39.1,2640
181,524,0.352,40.7,2736
542,847,0.209,69.6,8012
5180,12329,0.299,52.0,79614
1736,2255,0.18,83.1,27347
1828,8115,0.572,24.0,28449
546,763,0.172,81.1,8239
1330,10081,0.997,15.8,20400
142,501,0.527,27.5,2080
1542,2463,0.218,69.1,24084
4947,6381,0.182,86.9,71232
1522,5007,0.481,32.7,21967
4233,10594,0.355,39.4,61012
2318,3881,0.236,58.3,33965
205,812,0.526,29.0,3205
4523,5938,0.189,83.0,68276
166,244,0.175,79.6,2593
1129,5312,0.633,23.1,16151
228,556,0.311,51.7,3487
140,219,0.205,79.7,2093
714,1879,0.368,40.4,10424
440,692,0.205,67.0,6343
915,7146,0.983,14.5,13388
1297,1888,0.219,64.8,19128
157,650,0.599,23.7,2373
218,296,0.177,84.8,3236
1137,3059,0.363,42.0,17788
530,1626,0.392,35.3,7657
2321,3380,0.189,85.7,34663
1631,13220,1.058,14.5,25659
3797,8991,0.335,45.7,54662
1999,5926,0.38,43.3,30029
743,2154,0.432,35.6,10751
1920,2649,0.177,92.1,27821
403,489,0.185,77.6,5873
422,3278,0.903,15.8,6628
2846,4139,0.202,74.3,43801
793,1572,0.262,57.5,11467
3150,3211,0.156,91.1,45441
3314,10062,0.409,38.2,49923
3795,6474,0.22,61.7,57279
4655,9327,0.283,55.1,72171
753,1468,0.275,54.1,10795
450,1019,0.305,51.0,6962
1260,5106,0.524,28.5,19505
578,900,0.211,78.0,8543
1364,3180,0.287,50.6,21000
2199,2496,0.171,96.3,31608
1873,5541,0.409,33.5,29553
548,923,0.218,71.4,8657
256,324,0.157,94.7,3841
717,1321,0.229,69.7,10776
225,317,0.179,88.4,3493
4334,6598,0.188,84.5,65054
511,1334,0.325,42.4,7738
253,436,0.249,64.0,3659
140,606,0.588,24.1,2209
1747,2802,0.233,58.2,25018
1630,5258,0.46,30.7,24160
487,753,0.194,76.9,7580
168,368,0.273,57.5,2647
664,1524,0.301,47.0,9930
438,1282,0.405,34.2,6757
1847,2312,0.155,99.9,28277
1389,10552,1.0,16.5,21390
563,4551,1.099,13.9,8326
314,1358,0.527,29.6,4690
6093,7114,0.156,97.4,95427
789,933,0.161,98.1,11813
2026,3643,0.238,68.9,29538
221,316,0.17,89.2,3465
925,3118,0.504,29.3,13366
149,192,0.165,97.5,2227
1006,5621,0.718,22.9,14447
5587,31092,0.727,19.1,86869
628,3261,0.758,20.1,8990
157,310,0.258,61.6,2329
151,201,0.188,80.3,2257
609,1526,0.343,43.0,9124
237,318,0.158,98.0,3740
152,325,0.291,49.1,2191
2605,10941,0.618,23.5,38531
768,1842,0.317,51.9,12023
393,688,0.217,71.1,6200
4307,6397,0.19,84.9,67646
212,504,0.31,51.3,3150
5674,10791,0.244,63.4,84160
455,1600,0.47,34.1,6830
4225,7474,0.211,68.1,64625
1414,1787,0.156,98.7,21154
3389,24525,1.059,14.4,50766
5961,7663,0.171,89.8,93937
403,685,0.231,60.6,6180
5470,17640,0.438,32.7,85895
636,661,0.15,95.9,9177
616,1273,0.286,53.5,9036
529,1420,0.412,39.9,7574
1086,4780,0.621,26.3,16628
252,744,0.443,32.0,3655
1175,1345,0.17,85.0,17448
1104,1728,0.208,65.3,16648
2553,3035,0.159,92.2,39398
3560,14696,0.518,30.9,52164
777,4007,0.777,20.9,11202
423,4770,1.347,10.5,6526
355,649,0.257,55.7,5516
291,310,0.142,99.8,4282
175,238,0.201,72.5,2505
521,1714,0.422,37.8,7635
375,455,0.174,88.9,5756
5799,9435,0.197,80.4,87688
1167,10792,1.339,11.4,17723
537,630,0.171,83.5,7781
1326,3682,0.383,37.0,19374
231,1044,0.576,23.5,3447
740,3230,0.522,30.4,11361
1612,3511,0.307,52.2,23173
916,2332,0.328,48.2,13541
672,1918,0.381,36.0,9630
6560,30648,0.619,25.5,97622
4308,5639,0.174,78.6,62612
1575,1449,0.139,99.1,22918
1216,1698,0.185,80.0,18551
1581,4883,0.407,36.6,22673
279,1088,0.498,32.0,4395
642,2647,0.525,29.6,9383
162,779,0.626,22.3,2333
842,1639,0.238,59.6,12851
1132,1725,0.223,64.5,16734
327,436,0.189,73.5,4874
5943,7935,0.202,71.2,86873
4849,16620,0.432,36.3,70172
2271,5718,0.358,39.7,33723
1108,1759,0.224,71.3,16115
3933,10326,0.36,41.5,60128
216,751,0.497,29.1,3334
2917,7076,0.337,43.7,44063
221,679,0.453,34.5,3259
2887,18347,0.839,17.9,44706
399,513,0.16,84.7,5882
4078,6024,0.187,86.8,61827
5514,19243,0.46,29.8,80339
227,1827,1.031,15.8,3579
828,1152,0.178,76.5,12220
6281,27340,0.545,29.0,92832
922,2407,0.333,45.4,13253
3992,25676,0.952,15.8,58636
1373,4863,0.452,30.4,20010
602,716,0.175,81.4,8683
414,575,0.192,82.4,6117
289,1212,0.565,28.6,4428
2722,7642,0.375,40.2,39382
619,3049,0.659,22.1,9072
977,5588,0.82,16.7,14779
934,1135,0.157,99.3,13723
1322,1963,0.208,69.0,19134
4127,6185,0.232,58.8,59104
6462,8953,0.196,78.9,92742
645,863,0.175,85.6,9851
3368,3812,0.164,82.6,50928
2550,22291,1.204,11.5,39805
1225,6025,0.582,26.8,18855
5828,8981,0.199,68.9,84202
288,745,0.367,43.8,4381
206,228,0.147,98.4,3066
3827,5428,0.197,69.9,56478
764,923,0.164,96.1,11146
3547,14636,0.536,28.1,54954
4302,4919,0.164,87.8,65820
169,464,0.378,38.9,2553
4168,4014,0.137,99.1,63388
807,3690,0.64,24.2,11553
1014,2059,0.258,56.5,14731
1543,2451,0.192,81.4,23205
5188,12832,0.314,48.9,74976
141,350,0.296,52.1,2155
885,937,0.161,98.8,12917
1910,4914,0.319,48.3,29474
2314,3698,0.229,64.4,33797
1993,15857,0.984,14.9,30034
216,290,0.162,85.8,3384
420,736,0.232,68.3,6451
537,1377,0.34,46.4,8137
3179,27560,1.243,11.5,46531
379,724,0.254,63.3,5951
308,3425,1.371,11.1,4560
5766,67415,1.478,10.1,84665
140,201,0.207,65.4,2070
6782,25677,0.542,27.0,99151
1822,7361,0.566,27.3,28244
3437,5615,0.2,68.8,51118
440,3434,1.003,14.8,6332
142,460,0.431,38.2,2115
2417,12429,0.667,23.4,35863
3566,6674,0.243,62.2,52265
2375,3699,0.217,69.6,36230
237,345,0.182,74.9,3497
2646,9513,0.497,33.0,38113
2567,16794,0.903,18.0,40495
1817,11720,0.91,17.1,26294
2595,5830,0.285,48.4,40053
3632,3943,0.148,95.1,54729
1522,5444,0.475,29.6,22055
194,692,0.455,33.1,2828
933,5258,0.74,19.1,13473
188,336,0.242,64.5,2709
653,1049,0.213,71.2,9849
665,933,0.2,67.9,9833
170,230,0.18,87.5,2589
514,981,0.262,53.8,7828
204,1212,0.723,22.1,3087
3225,10318,0.404,36.0,47227
5433,7911,0.209,69.6,81493
182,293,0.208,65.2,2653
5730,12435,0.285,57.8,83896
980,1815,0.215,71.5,15447
436,702,0.219,67.4,6456
178,217,0.154,89.3,2701
941,1768,0.249,62.7,14176
3078,3664,0.179,80.1,44759
2129,7349,0.508,32.4,31794
168,258,0.23,71.0,2434
181,219,0.172,91.2,2660
648,1689,0.367,44.7,9671
434,572,0.172,80.1,6349
315,493,0.191,75.2,4964
381,3050,0.929,15.4,6004
2961,4906,0.22,62.3,46357
5022,31168,0.756,21.7,75815
633,703,0.141,97.1,9756
4840,6696,0.194,83.0,69260
470,2890,0.795,19.9,7034
873,4683,0.698,21.0,12896
315,482,0.213,63.5,4842
1604,4238,0.329,41.0,24500
6039,51681,1.074,13.1,92106
1441,2972,0.255,58.7,21200
539,1453,0.331,44.9,8108
1683,10443,0.799,19.1,25214
217,324,0.192,82.2,3234
4428,5581,0.158,92.4,64689
915,1401,0.179,78.1,14313
794,1169,0.189,84.0,11600
1327,5125,0.492,29.5,19787
1562,4524,0.426,33.7,23041
173,774,0.549,28.8,2648
1908,2839,0.207,78.9,28891
334,444,0.17,95.3,5153
2281,2991,0.187,74.5,32659
3328,4066,0.168,89.3,49944
3249,4561,0.204,67.5,46444
1156,3394,0.365,44.9,17366
991,2360,0.293,48.3,15303
233,1475,0.84,16.8,3497
2640,27020,1.26,12.8,41525
401,716,0.226,72.6,5782
960,2155,0.315,49.5,13960
414,713,0.232,59.7,6081
227,422,0.249,60.2,3375
1577,5821,0.456,35.0,23476
173,345,0.288,52.8,2473
2438,5446,0.265,52.4,37407
474,1037,0.312,45.0,6927
134,176,0.192,83.9,2001
1031,2065,0.298,50.6,14771
165,287,0.243,64.3,2402
412,489,0.161,90.6,5891
2137,2736,0.172,88.0,31780
165,227,0.182,90.1,2555
3557,11405,0.422,34.3,53338
138,1279,1.181,13.1,2030
359,1173,0.418,33.5,5252
2298,7495,0.395,35.1,36291
459,648,0.173,91.8,6892
193,355,0.234,68.4,2979
566,3296,0.893,17.4,8185
370,1738,0.63,22.2,5759
3663,15456,0.592,24.0,54047
443,836,0.243,66.7,6813
2877,4463,0.189,76.2,43792
4559,6386,0.183,87.4,65507
708,783,0.152,94.7,10916
4497,20454,0.58,28.2,70306
558,1936,0.429,37.9,8751
5795,20547,0.431,31.6,86890
191,480,0.374,42.3,2836
1925,2213,0.152,92.3,29393
937,1735,0.229,61.8,13804
580,971,0.195,76.4,9112
1641,3231,0.281,54.1,23767
2159,16236,1.149,12.6,31395
142,998,0.965,15.8,2034
267,494,0.24,58.4,3843
2138,2851,0.182,74.7,32544
1789,7630,0.518,29.4,27114
5981,8495,0.201,75.0,87562
2521,3765,0.188,83.0,39265
5396,14137,0.328,47.1,82482
2002,3175,0.21,77.2,31233
425,999,0.321,46.4,6418
202,285,0.19,71.1,3020
2757,4440,0.195,78.8,42591
1578,1788,0.156,99.3,24855
164,454,0.367,41.1,2414
519,1402,0.331,47.0,8179
5896,24817,0.581,24.9,84450
918,3785,0.492,28.4,14164
736,1186,0.214,72.4,10869
793,946,0.154,92.5,11985
288,754,0.327,45.5,4528
562,2526,0.572,26.2,8461
567,1649,0.419,35.7,8498
169,397,0.3,51.0,2454
2747,6876,0.376,36.2,40281
651,2784,0.531,31.0,10201
3228,5237,0.205,76.2,49875
3642,36184,1.38,10.7,55685
293,500,0.24,58.5,4583
1737,2048,0.169,81.4,26173
886,2766,0.457,34.0,12688
4177,7569,0.225,64.3,62573
317,503,0.202,70.2,4651
1924,2747,0.212,69.0,28353
1487,3146,0.305,50.1,21556
411,1288,0.377,41.2,6349
233,292,0.181,85.2,3412
1771,2892,0.206,78.3,25594
2318,6223,0.364,38.9,35965
451,2880,0.8,19.3,6874
1739,10274,0.838,16.5,24921
643,3563,0.819,18.5,9383
2123,3781,0.244,62.5,32564
292,2179,0.966,14.6,4360
4297,11457,0.364,40.3,65084
410,645,0.205,77.8,6156
553,1516,0.382,36.5,8431
163,233,0.188,78.7,2510
209,327,0.211,77.1,3093
1031,3454,0.467,32.1,15047
394,555,0.207,75.6,5697
3381,5389,0.207,77.3,52539
145,339,0.308,45.8,2118
573,2355,0.489,28.9,8812
495,1097,0.277,56.9,7484
149,170,0.17,92.9,2157
215,314,0.202,67.6,3253
652,2614,0.566,25.6,10087
885,1311,0.206,71.4,13752
646,1524,0.33,48.4,9725
1092,1751,0.233,63.2,15961
1435,2069,0.214,76.1,20518
142,287,0.293,56.3,2079
850,1122,0.19,83.3,12288
5922,8287,0.207,75.0,86693
1055,1634,0.225,65.4,15235
1808,8542,0.581,23.6,28323
471,572,0.179,85.2,6774
2725,2986,0.155,94.2,41306
2857,12246,0.652,22.3,41133
981,2217,0.289,53.9,15370
6200,21748,0.447,33.3,91043
223,301,0.202,77.9,3268
149,211,0.196,74.9,2137
2785,12893,0.615,22.7,40691
3098,4008,0.167,88.9,47028
214,1070,0.622,26.3,3200
371,590,0.195,81.8,5652
138,269,0.276,51.1,2142
409,1136,0.371,39.5,6300
2668,14299,0.672,24.2,41169
1016,4574,0.553,25.1,15171
541,848,0.205,69.6,7806
594,960,0.24,59.5,8562
128,696,0.725,21.0,2010
412,2487,0.731,20.1,6462
1629,10377,0.832,16.5,25080
5878,9125,0.2,76.9,90397
3516,5231,0.186,74.1,54974
144,1013,1.004,15.3,2193
4522,8953,0.249,60.4,67244
2877,19525,0.85,17.6,42821
2835,3156,0.15,91.3,42351
787,1034,0.168,91.6,11999
645,994,0.203,72.8,9489
450,484,0.158,93.4,6541
169,219,0.184,83.0,2586
312,399,0.181,84.6,4884
342,627,0.221,61.3,5248
853,2379,0.37,37.5,13288
2474,8195,0.48,29.6,37231
821,2496,0.394,39.4,12764
166,262,0.229,66.6,2507
5494,24007,0.618,25.5,84778
5455,18838,0.472,33.3,79926
2741,6659,0.308,52.1,43156
6479,23195,0.472,31.0,96664
1084,2002,0.231,63.0,16830
5475,7676,0.172,93.1,86445
185,243,0.184,77.3,2688
567,914,0.213,70.0,8362
309,523,0.226,62.4,4829
291,640,0.301,53.9,4302
233,932,0.55,26.8,3469
1517,1721,0.156,90.5,22829
2810,9692,0.481,32.4,42508
1330,6872,0.781,18.2,19210
230,374,0.211,77.5,3553
3151,13615,0.566,25.8,47764
1577,4149,0.356,43.5,24071
625,5793,1.159,12.5,9130
1940,10074,0.713,22.3,27948
381,1885,0.633,25.6,5528
529,4167,1.065,14.9,7717
5062,7885,0.232,69.1,72412
423,551,0.162,85.3,6231
859,2527,0.373,43.6,12575
4547,5605,0.173,88.7,65065
2020,8339,0.552,29.2,31873
172,476,0.396,39.3,2551
242,1130,0.599,23.6,3558
143,219,0.233,65.9,2062
1633,3495,0.288,47.8,23601
794,1416,0.239,65.2,11524
235,296,0.187,78.6,3381
5676,10423,0.236,59.1,84826
1006,2043,0.247,66.5,15882
326,429,0.172,94.2,5152
949,3096,0.438,36.9,14175
1891,5708,0.375,42.3,28555
178,282,0.209,74.6,2694
386,713,0.238,65.0,5857
3263,12238,0.53,26.1,46993
793,2074,0.369,43.9,12077
1171,2890,0.31,52.1,16968
754,1804,0.33,47.7,10873
158,718,0.625,26.0,2374
253,324,0.163,93.2,3825
781,1105,0.189,78.6,11428
308,660,0.308,53.3,4533
159,273,0.209,71.2,2431
3472,4213,0.17,90.8,54245
6048,31159,0.657,22.3,92906
2858,10496,0.474,32.5,44520
3685,7237,0.266,58.8,56439
335,515,0.188,81.9,5153
5793,50136,1.134,13.3,85724
301,332,0.146,98.6,4321
5615,12311,0.303,50.9,82695
6811,20442,0.383,42.3,97993
2219,5835,0.372,36.3,32376
6333,25286,0.541,25.7,92888
1226,1720,0.171,81.2,18563
361,428,0.169,96.0,5520
762,1670,0.328,47.2,11052
1414,1914,0.171,95.7,20392
176,263,0.181,84.1,2661
1446,3360,0.279,53.3,22822
6374,10403,0.225,70.7,92901
274,599,0.285,49.1,4207
2816,5133,0.243,60.3,44424
4791,33668,0.979,15.2,69746
5358,7838,0.198,72.7,80232
5809,38441,0.99,14.8,85560
1067,1252,0.164,83.5,15380
6125,7623,0.167,84.2,91505
2580,9253,0.463,31.3,38697
245,766,0.406,39.1,3764
844,1825,0.263,53.3,12920
2280,3691,0.228,63.7,33224
349,986,0.382,35.9,5263
1579,2978,0.24,63.3,24514
1735,5317,0.417,36.8,27137
251,1985,1.074,15.0,3779
1211,14761,1.56,10.2,18242
2770,15106,0.751,19.1,40926
936,1302,0.171,81.3,14081
134,155,0.145,96.5,2096
138,326,0.339,48.4,2071
560,1114,0.276,56.1,8083
4824,23153,0.587,23.2,74921
332,587,0.233,59.6,4892
1609,8370,0.65,23.0,23921
325,543,0.217,65.0,4767
452,543,0.169,94.0,7039
3841,14030,0.551,27.6,55185
2336,3469,0.195,78.8,34621
200,1691,1.229,12.1,2904
695,1773,0.326,43.8,10699
153,907,0.765,20.0,2241
899,2499,0.375,41.7,13123
1761,7485,0.57,25.6,26698
209,563,0.344,43.6,3179
419,968,0.337,47.6,6192
606,1864,0.376,37.1,9482
4980,8309,0.219,69.1,72993
6196,7663,0.157,92.7,97395
154,386,0.339,46.1,2384
2660,10323,0.496,27.3,39260
547,1936,0.451,34.4,8562
648,673,0.159,86.9,9285
2643,4617,0.223,61.4,38238
4906,11777,0.308,51.0,72679
5677,27577,0.657,23.5,82533
1324,3027,0.321,50.5,19122
526,1896,0.429,35.1,8086
3005,3654,0.159,94.9,43556
345,468,0.174,89.6,5339
1200,7719,0.824,17.6,18170
545,936,0.241,56.5,8132
1777,5747,0.469,30.3,26099
325,739,0.303,47.0,5122
276,330,0.163,88.9,4231
4894,10812,0.284,57.5,72625
195,548,0.397,40.1,2978
991,4339,0.568,28.7,14475
321,479,0.201,82.0,4745
151,254,0.224,66.2,2329
148,300,0.272,52.1,2302
268,1021,0.513,29.6,3969
3939,11521,0.403,40.1,59380
389,460,0.155,96.4,6038
5396,11408,0.264,56.8,82381
1271,3011,0.302,46.1,19462
706,1501,0.259,56.9,11036
1295,1845,0.183,80.1,19345
1032,2875,0.358,40.6,15096
2614,11338,0.62,26.1,38919
415,724,0.218,62.6,6039
510,930,0.235,69.9,7958
4376,6289,0.182,74.1,66079
5465,7675,0.183,89.4,81101
4456,11610,0.349,43.4,65684
701,5274,0.93,16.8,10319
2887,2918,0.146,96.3,42349
872,1996,0.315,49.2,12891
895,1583,0.244,66.1,14006
302,414,0.199,70.0,4454
1376,2469,0.235,59.2,20199
289,944,0.506,28.5,4142
497,707,0.179,78.0,7317
3851,4890,0.168,82.3,56715
300,577,0.26,59.8,4496
182,334,0.262,54.0,2641
183,927,0.765,20.3,2619
5435,39404,0.916,17.6,79322
979,2885,0.381,40.6,14530
633,1751,0.365,38.0,9922
3253,3464,0.159,95.8,47718
3580,4628,0.182,80.5,52610
502,719,0.209,69.4,7335
1935,4073,0.255,56.6,30162
2764,13855,0.65,25.1,40845
1691,2076,0.16,98.1,25897
247,619,0.318,43.8,3618
3995,21911,0.761,19.6,61535
1118,2166,0.266,54.4,16479
394,583,0.185,88.7,6038
669,881,0.183,89.9,10555
156,1485,1.316,11.0,2316
211,271,0.162,89.8,3298
2706,8641,0.444,34.4,39964
139,1101,1.106,13.5,2000
712,853,0.164,86.3,10203
1002,1326,0.176,87.7,15443
170,259,0.228,63.7,2476
5912,10463,0.251,61.7,90003
335,428,0.176,83.2,4844
450,593,0.193,80.8,6574
419,609,0.172,90.1,6567
325,660,0.251,59.7,4926
131,156,0.161,97.1,2011
2378,2761,0.149,99.7,34686
5803,29880,0.676,20.5,87835
326,364,0.162,86.5,4809
1802,3544,0.259,55.0,26762
2544,5755,0.305,44.9,36432
3845,6077,0.24,65.2,55268
691,4885,0.971,15.0,10448
445,730,0.248,55.6,6541
491,621,0.181,88.4,7139
2252,8363,0.532,29.2,32490
3114,7693,0.307,48.4,48833
265,288,0.151,94.6,4069
558,1111,0.287,48.6,8535
4512,11551,0.352,42.3,68139
3026,8135,0.325,49.6,46943
6280,11443,0.248,56.8,94248
2590,4272,0.227,66.9,38236
620,923,0.2,82.1,9312
1366,3219,0.304,50.7,20160
1693,2344,0.177,83.6,26550
188,336,0.27,58.0,2718
1171,3127,0.395,40.5,16831
2163,3317,0.221,69.2,32073
266,416,0.216,74.6,3848
2722,4797,0.25,60.2,42393
1347,9945,1.059,15.1,19626
5319,27399,0.647,25.3,82951
155,482,0.421,35.7,2361
369,1270,0.432,35.4,5646
1414,2234,0.217,70.6,21040
416,4754,1.36,11.7,6380
2211,3660,0.205,78.0,32720
2562,8275,0.401,33.9,38954
206,674,0.414,37.9,2986
1008,1935,0.276,57.5,14929
948,4075,0.53,29.4,14642
556,713,0.175,89.6,8480
5306,30967,0.77,17.7,76920
3356,7360,0.297,50.0,50925
2046,2703,0.185,86.4,30589
2212,4448,0.249,65.4,32707
799,2240,0.391,36.3,12175
4793,12288,0.318,47.9,73412
2013,3387,0.216,73.6,30277
2243,2686,0.161,97.6,34637
3797,4904,0.17,90.4,58212
372,901,0.332,40.8,5843
3072,4000,0.157,99.8,47013
281,3599,1.534,10.3,4292
538,5070,1.255,12.5,7722
500,746,0.188,84.1,7433
6305,22298,0.529,28.0,91942
3630,29686,1.065,15.5,57050
1989,7571,0.504,31.3,31066
2363,5487,0.315,48.3,34377
1216,1817,0.215,75.8,18029
5252,10090,0.245,66.2,81303
920,3649,0.508,31.4,13936
593,1127,0.275,55.3,8861
260,283,0.162,93.4,3784
2761,3415,0.174,83.4,43328
2381,6788,0.365,39.1,35385
612,664,0.153,98.4,8995
154,215,0.206,73.8,2207
3660,25618,0.911,15.6,53267
136,1199,1.236,13.2,2091
2135,9323,0.603,25.2,31375
6090,9323,0.2,75.5,89015
755,3137,0.558,26.5,11081
345,618,0.244,56.0,5014
2186,12887,0.878,18.4,31519
3129,3561,0.156,92.9,48899
1085,3246,0.377,41.0,16958
6033,6641,0.167,91.7,87901
159,210,0.16,95.0,2448
918,9987,1.429,10.6,14409
2194,4433,0.271,51.8,33240
4019,32633,1.174,12.2,58429
258,356,0.164,91.8,4032
3101,6586,0.28,56.7,45731
1101,7601,0.884,16.7,17380
604,3398,0.708,19.9,9435
219,505,0.309,44.5,3348
3772,4798,0.164,94.6,59039
255,366,0.204,72.4,3700
464,519,0.158,88.1,6719
425,1081,0.361,43.0,6220
3927,28146,1.017,13.9,60469
1857,1939,0.154,97.7,27792
2914,26349,1.249,11.5,45140
347,432,0.171,95.3,5328
1539,4081,0.328,43.2,23050
1277,12949,1.353,10.9,18724
3325,6454,0.227,72.0,51997
4523,4931,0.147,98.2,69253
145,163,0.159,96.9,2097
1849,8606,0.59,24.5,27936
170,653,0.526,26.3,2449
1197,2174,0.253,60.9,17120
411,754,0.241,67.4,6161
433,655,0.194,76.5,6641
545,2450,0.585,26.3,7956
1463,1869,0.159,96.3,22729
480,881,0.218,67.5,7388
2409,3407,0.178,86.2,35145
644,1167,0.244,58.6,9734
169,366,0.309,47.3,2613
2904,2930,0.151,97.9,42915
417,729,0.258,62.4,6116
697,821,0.165,88.0,10871
1904,2289,0.161,95.8,29213
475,667,0.2,70.8,7342
164,306,0.24,59.4,2495
590,6064,1.497,10.3,8635
5479,46827,1.161,13.6,80467
1668,6009,0.53,28.1,24621
1752,7993,0.542,26.7,27660
1525,6175,0.493,32.9,23727
282,790,0.371,37.4,4356
669,2053,0.369,42.4,10274
2427,5755,0.325,47.8,37744
196,1301,0.824,18.9,2973
378,3532,1.181,13.8,5930
402,632,0.222,70.7,5895
743,1226,0.247,58.4,10839
6219,12604,0.291,50.0,92607
166,305,0.219,67.1,2604
1053,1250,0.161,84.5,15215
281,640,0.335,48.5,4034
5767,9027,0.203,67.7,89162
211,233,0.163,95.8,3115
668,817,0.183,85.6,9699
2400,6432,0.332,48.3,35865
2061,3478,0.223,68.0,31480
695,3071,0.604,25.9,10452
517,1007,0.238,60.4,7758
625,742,0.16,98.3,9474
391,697,0.256,56.6,5623
304,369,0.173,93.5,4465
859,2009,0.3,46.7,13234
384,418,0.145,99.9,5718
418,671,0.241,62.1,6157
1678,15430,1.147,13.8,26111
5811,11722,0.251,62.8,88419
1471,4418,0.407,34.7,21212
181,1564,1.078,12.9,2702
174,220,0.172,83.9,2688
5304,16662,0.429,34.8,82693
427,615,0.185,81.7,6399
192,553,0.411,35.9,2867
1365,5389,0.563,27.5,20834
1549,1596,0.151,97.7,22939
1612,5114,0.384,42.5,25282
366,574,0.223,64.1,5692
142,240,0.237,64.9,2121
5559,10241,0.254,60.4,87209
369,435,0.155,92.3,5336
1809,2936,0.208,70.7,28156
2152,4704,0.315,46.3,31737
1434,1826,0.16,87.6,21747
448,2028,0.568,26.3,6802
395,721,0.249,59.0,5775
1381,1453,0.147,95.5,20722
4037,6748,0.224,66.3,59224
5415,7798,0.177,83.5,81189
203,278,0.202,68.8,3026
250,283,0.162,85.5,3665
5428,6265,0.163,95.0,80557
2405,8273,0.452,34.6,35676
4340,21053,0.646,25.3,63271
307,534,0.257,53.6,4418
1311,1778,0.189,73.2,19921
2086,7562,0.448,30.4,31063
1828,21894,1.456,10.4,28610
648,2017,0.376,40.9,9873
140,171,0.151,97.2,2124
1347,2100,0.219,72.5,19561
359,839,0.337,46.1,5383
794,3595,0.602,27.3,11641
5375,13600,0.331,42.0,84709
632,2537,0.541,25.3,9527
3705,19268,0.732,19.6,53435
271,336,0.148,91.6,4181
1764,2071,0.163,99.8,27766
6052,24956,0.582,24.8,91397
202,1547,1.017,14.9,2979
137,405,0.364,39.7,2066
724,1631,0.276,51.5,10906
194,713,0.491,28.4,2873
2430,6600,0.389,37.1,37369
4892,19025,0.547,28.1,71584
703,1219,0.206,79.7,10924
363,563,0.205,74.1,5502
740,1285,0.225,67.1,10941
2333,4904,0.303,44.8,33895
142,163,0.174,91.8,2072
1367,1428,0.14,97.3,20067
1447,7437,0.633,25.6,22028
1554,6688,0.503,30.1,24235
333,673,0.244,57.3,5154
2257,13468,0.816,18.2,32672
197,488,0.335,49.3,2859
303,536,0.231,62.4,4360
3952,7026,0.251,57.0,61919
2407,6831,0.348,39.8,35983
142,276,0.26,58.8,2110
359,411,0.143,96.3,5284
312,1348,0.554,28.5,4627
395,633,0.236,68.9,5769
346,2879,1.172,13.9,5267
164,1072,0.865,16.0,2554
779,1459,0.254,59.7,12043
2228,12313,0.709,19.4,35149
1409,13882,1.267,12.0,21470
1778,8606,0.627,25.4,27811
179,310,0.248,60.8,2747
5585,9957,0.22,73.3,82714
3683,14755,0.564,28.2,53162
3215,5099,0.204,70.1,46650
3253,13329,0.582,26.4,50032
4936,8462,0.207,65.2,76855
1086,2451,0.312,47.1,16815
305,468,0.206,68.8,4378
1496,1888,0.164,99.6,22331
2360,3084,0.156,94.4,36573
2472,25744,1.489,10.4,35869
1014,1240,0.175,89.7,15379
181,1387,0.99,16.0,2614
555,676,0.164,95.8,8541
4837,14102,0.406,35.4,73347
1312,3439,0.351,44.4,19678
1138,6336,0.83,18.2,16430
395,2089,0.761,20.1,5725
567,739,0.179,75.4,8453
4303,4767,0.15,95.0,66404
1790,3366,0.251,65.0,27122
3039,4105,0.193,74.4,43528
797,1176,0.189,78.6,11829
1613,5328,0.418,33.7,23539
350,2404,0.989,14.1,5284
2112,23362,1.389,10.2,31592
705,2111,0.365,41.6,10653
768,3001,0.512,31.7,11295
1750,12931,0.928,15.6,25363
5199,20845,0.553,26.2,77936
170,981,0.716,21.2,2569
3304,4112,0.158,92.3,50378
404,2172,0.717,22.6,6277
790,1481,0.251,58.4,11356
142,257,0.236,63.4,2179
445,780,0.256,58.9,6493
973,5594,0.838,18.9,14288
170,510,0.393,38.7,2491
950,6925,0.973,14.6,13657
5074,11504,0.304,45.6,75190
209,913,0.605,27.0,3020
2564,4891,0.263,60.5,39791
670,918,0.188,72.4,9932
1777,3844,0.276,57.9,25950
360,922,0.311,49.1,5535
254,646,0.336,44.9,3732
256,325,0.158,85.8,3746
181,756,0.533,29.7,2635
270,355,0.185,76.1,4134
1824,2642,0.201,78.2,26885
4114,8276,0.284,47.7,62950
3298,10374,0.432,36.8,48328
1937,3990,0.259,52.3,29177
207,1108,0.773,18.4,3080
409,3375,1.012,14.1,6199
432,2374,0.697,20.0,6720
343,1553,0.557,26.8,5317
957,1766,0.259,55.4,14997
1096,1423,0.191,86.4,16252
557,2020,0.488,31.2,8079
506,687,0.161,94.2,7981
3261,4056,0.148,95.9,51135
2911,3479,0.153,96.3,43854
455,509,0.162,85.4,6667
4595,12376,0.369,42.7,71372
5416,39203,0.876,16.5,83144
465,852,0.257,61.2,7180
528,1006,0.242,60.3,8001
937,1385,0.19,86.5,14457
5217,5497,0.141,99.6,79426
4203,7378,0.242,55.7,61641
201,605,0.372,41.1,2987
593,3049,0.612,26.7,9295
1177,13837,1.48,10.4,17425
952,1731,0.246,55.8,14316
297,495,0.252,60.0,4269
3756,6096,0.193,84.2,57561
1926,3202,0.244,55.4,28257
3617,4027,0.151,92.5,53040
3729,6571,0.24,66.5,57549
2591,3538,0.189,85.6,37364
742,3584,0.669,23.3,11148
1478,2227,0.189,87.0,21793
240,398,0.195,70.8,3745
1814,8188,0.598,25.3,27895
271,1058,0.574,27.1,4032
1977,2606,0.167,93.4,30201
327,2947,1.231,12.9,4910
208,547,0.315,51.6,3167
258,668,0.382,38.2,3818
134,181,0.195,69.9,2015
2108,2949,0.17,85.6,33277
2375,6749,0.366,42.4,35104
991,2176,0.292,48.4,14992
246,290,0.162,98.4,3759
177,234,0.176,80.6,2773
139,155,0.149,90.7,2155
247,548,0.304,49.5,3824
4539,17619,0.505,31.1,65247
340,726,0.309,47.1,5145
508,830,0.212,74.4,7996
194,1182,0.746,19.8,3020
304,877,0.408,34.3,4773
1025,7953,0.97,14.2,15246
1392,3586,0.32,48.9,21556
348,414,0.174,84.5,5222
164,1797,1.329,12.2,2506
634,983,0.214,70.8,9233
327,398,0.155,93.9,4999
313,1180,0.464,31.3,4721
5824,8823,0.192,72.4,85468
1476,1710,0.156,97.8,22289
1212,1320,0.158,96.6,17666
689,2470,0.511,31.1,10172
707,4179,0.741,19.0,10710
1106,5547,0.616,23.3,16596
2128,2627,0.188,73.2,30496
2112,2689,0.191,75.3,31185
271,435,0.209,70.7,3915
912,2815,0.407,40.2,14148
666,2927,0.612,25.3,10021
4181,7190,0.255,62.3,60260
1548,3099,0.27,53.5,23647
1120,1619,0.184,75.6,16059
200,493,0.287,49.7,3141
1482,3641,0.353,40.5,21379
209,723,0.419,36.4,3163
477,1796,0.5,29.0,7480
241,887,0.474,33.9,3497
1949,12549,0.888,18.5,29980
284,841,0.353,41.2,4481
595,5282,1.175,13.3,9263
4503,18040,0.578,26.8,66489
310,440,0.182,77.2,4447
934,2843,0.414,39.3,14580
684,1138,0.201,70.1,10312
138,208,0.211,74.5,2146
3036,4679,0.233,62.3,44453
168,213,0.152,96.3,2620
830,8105,1.246,11.9,12787
1159,1857,0.21,76.5,17931
1566,1548,0.145,96.3,23372
2045,2341,0.156,87.6,29579
359,1543,0.586,25.1,5386
132,359,0.347,39.4,2079
2274,10604,0.61,25.5,33895
1116,2056,0.246,64.1,16259
3382,6235,0.217,74.1,52670
3173,10463,0.408,38.5,49721
3499,7275,0.277,58.6,54177
911,1405,0.218,72.2,13341
496,1249,0.34,47.9,7376
2961,3413,0.162,86.9,44244
759,1076,0.189,79.4,11688
268,2281,1.042,15.8,4099
3956,7168,0.236,65.9,56702
4101,16762,0.518,31.2,63164
859,1423,0.226,60.2,12395
180,222,0.168,96.1,2689
585,819,0.175,89.1,9118
3081,7428,0.302,46.4,46367
4743,13363,0.375,36.2,68095
293,923,0.459,31.1,4433
179,381,0.28,57.9,2599
4025,24695,0.764,20.3,61890
616,1154,0.274,59.4,9175
1148,11353,1.466,10.1,16651
6131,19444,0.417,39.1,88256
172,656,0.5,29.8,2594
1707,1947,0.145,97.4,25264
169,231,0.185,75.5,2672
564,1564,0.397,41.5,8688
3026,17095,0.79,18.4,46418
697,1335,0.247,56.5,10901
6448,23004,0.463,29.2,98903
1166,2351,0.246,58.3,17817
490,695,0.19,85.2,7025
320,599,0.231,65.4,4731
521,828,0.23,67.0,7880
600,1102,0.277,58.7,8589
168,193,0.161,93.5,2616
564,729,0.171,93.9,8490
831,1510,0.258,56.1,12295
2153,7673,0.438,37.5,33801
1778,3234,0.267,51.4,26109
2048,8619,0.585,26.8,32003
132,235,0.23,67.3,2066
301,584,0.256,55.0,4686
1850,10782,0.76,19.3,26620
901,3683,0.52,27.8,13283
138,244,0.259,53.2,2042
3119,4196,0.17,89.9,46541
2684,5627,0.27,61.0,41115
1153,1819,0.213,71.3,17091
171,445,0.374,40.5,2593
2579,4660,0.222,61.4,40115
1332,2477,0.277,50.3,19621
2735,4417,0.217,69.3,42614
2446,19676,1.131,14.6,37863
3182,6902,0.297,54.4,46270
1027,3094,0.396,36.6,15174
233,717,0.384,39.4,3462
1826,2271,0.157,96.5,27625
1494,7279,0.588,26.4,22656
2478,7858,0.409,38.0,36483
265,529,0.284,55.9,3887
286,335,0.155,87.7,4288
4546,11102,0.344,47.5,65134
2621,3394,0.178,76.9,37602
4615,6072,0.171,87.1,69836
2677,8683,0.429,37.9,38910
1384,3127,0.33,45.3,20681
1725,4410,0.325,42.1,25845
4128,5025,0.167,85.0,64808
1292,9487,1.089,14.0,19248
1645,4342,0.365,37.8,23737
252,389,0.208,71.1,3688
875,1377,0.238,60.9,12770
2123,5352,0.324,49.3,32973
379,685,0.236,58.6,5772
286,1124,0.56,27.8,4412
446,1073,0.302,48.8,6826
345,670,0.277,55.2,5144
304,380,0.155,91.1,4636
706,2321,0.458,33.5,10539
4620,6115,0.176,88.1,69730
948,1580,0.202,68.0,14538
266,2988,1.35,11.8,4171
187,305,0.214,75.2,2702
1931,14725,1.037,13.2,30463
566,624,0.153,99.8,8941
3429,4389,0.173,88.5,49807
1847,4773,0.368,36.8,26394
3072,10676,0.438,33.2,45063
367,1040,0.37,44.3,5795
1946,5315,0.361,42.1,30014
392,1057,0.375,43.5,5619
5414,16766,0.402,38.6,78791
1618,2369,0.206,65.9,24110
462,2146,0.554,24.8,7118
364,526,0.182,86.1,5740
267,411,0.182,83.1,4220
2041,3994,0.262,52.9,30283
298,438,0.177,86.7,4705
1436,4617,0.494,32.2,20532
363,4061,1.361,11.6,5631
1814,2900,0.217,65.7,26649
3120,6688,0.279,51.2,48482
2808,5200,0.269,61.0,41963
2506,3655,0.178,90.9,39236
285,286,0.149,97.3,4168
190,315,0.238,67.1,2826
1968,2529,0.178,78.8,30798
582,3058,0.803,17.5,8449
726,3216,0.574,24.5,10853
156,195,0.181,76.0,2259
383,844,0.329,48.8,5521
158,334,0.304,50.1,2281
3980,11777,0.378,37.8,62336
332,643,0.248,64.7,5182
1237,5139,0.597,26.7,17698
155,241,0.208,66.4,2329
1763,8055,0.602,25.6,27163
484,3747,0.995,15.7,7076
4366,11965,0.394,39.7,67076
4401,17627,0.509,30.8,64552
492,527,0.156,90.0,7139
4653,34257,0.967,14.9,67879
6418,29915,0.619,25.9,98508
3334,6604,0.273,59.4,50511
3602,7500,0.269,53.3,54505
352,2681,0.961,14.1,5297
1230,14263,1.509,10.7,19091
172,191,0.148,98.9,2601
193,276,0.209,69.3,2899
6658,18310,0.339,42.9,99567
493,1081,0.282,52.3,7177
2493,7874,0.431,34.0,37339
3044,9152,0.37,41.0,46938
3887,5545,0.201,68.4,57383
6801,9509,0.183,89.5,99076
336,1584,0.614,26.6,5144
158,221,0.19,85.6,2341
642,3508,0.771,20.9,9991
218,959,0.527,29.3,3326
151,1236,1.061,13.3,2183
568,2610,0.602,22.7,8191
2882,3073,0.149,92.6,42911
1246,2473,0.282,51.3,18321
469,3047,0.884,17.0,6798
1803,2364,0.171,96.4,25866
330,447,0.166,89.1,4957
141,195,0.193,77.9,2115
2629,3368,0.166,94.0,39778
1464,5646,0.471,29.8,22948
2610,3564,0.191,85.3,39460
159,239,0.209,72.1,2329
3632,4023,0.162,88.3,52877
1563,2341,0.2,81.7,22572
1153,3629,0.373,41.2,18122
1539,2323,0.188,79.7,23026
3768,13789,0.453,33.6,58840
1285,3832,0.398,39.6,19870
1345,7096,0.708,19.7,19410
6425,8840,0.171,94.2,96419
2640,8956,0.453,36.2,38609
719,1482,0.267,56.9,11284
2104,5931,0.344,45.2,31832
621,816,0.167,96.4,9168
314,959,0.364,40.2,4896
1353,2297,0.206,80.1,20656
4814,6601,0.179,87.0,75506
5129,12194,0.3,49.2,75789
531,1362,0.353,44.0,7619
1084,1393,0.195,77.3,15759
319,352,0.15,92.2,4577
6780,9960,0.204,77.9,98305
6411,22135,0.499,30.4,92879
1705,2452,0.177,89.9,25382
3107,6594,0.311,44.9,46527
2166,4365,0.244,61.9,32806
1400,1766,0.186,84.8,20360
159,734,0.611,27.0,2464
754,1167,0.2,80.6,11848
1951,3705,0.253,63.7,28020
1794,2104,0.158,90.4,28322
601,2968,0.629,25.5,8609
5428,12229,0.293,47.9,79604
252,337,0.166,85.0,3849
962,7691,1.179,11.7,14162
2052,11875,0.8,20.1,29841
1986,2321,0.139,99.2,30580
1732,4764,0.395,35.2,25295
403,397,0.146,97.8,5871
239,1057,0.576,26.4,3684
1531,4964,0.38,42.5,24069
1349,1973,0.19,77.8,20855
260,432,0.219,69.2,4034
2012,3651,0.225,62.3,31552
809,1599,0.248,57.7,11867
1795,2006,0.162,85.9,27260
3664,11648,0.473,31.1,52928
252,551,0.307,49.8,3885
143,591,0.598,24.0,2155
2848,5100,0.252,63.6,42140
1502,5189,0.505,32.5,21721
2063,5396,0.346,40.0,30881
3494,6627,0.259,52.4,53092
3195,29003,1.279,12.4,46236
5612,35963,0.77,18.3,85823
1039,1538,0.203,71.7,16276
896,1996,0.302,48.6,13519
660,847,0.185,87.8,9634
231,393,0.213,72.5,3648
1263,12490,1.27,10.7,18787
397,649,0.207,65.5,5911
5110,28192,0.765,18.4,73502
1277,1887,0.18,80.3,19581
1325,1619,0.151,99.2,20335
531,1034,0.277,57.8,8017
161,235,0.202,71.5,2451
154,546,0.467,31.4,2264
708,1682,0.293,49.4,10477
190,210,0.155,87.0,2784
1477,6632,0.653,25.1,21480
4361,13837,0.411,33.9,62773
4187,8523,0.287,50.1,63252
1841,2566,0.187,74.1,26346
295,707,0.342,43.8,4569
3984,4608,0.174,93.5,58510
4284,23657,0.746,18.5,64043
296,760,0.342,43.4,4316
2381,3055,0.184,73.8,35800
420,1683,0.521,30.3,6135
3212,4775,0.223,69.1,46205
6748,31347,0.63,24.8,98925
154,1072,0.992,15.0,2249
4268,27298,0.777,20.9,66931
1478,1905,0.157,93.7,22848
6292,10374,0.252,59.7,90111
838,1104,0.191,81.7,12332
3692,11194,0.377,39.9,55044
167,278,0.222,63.3,2552
472,978,0.265,54.5,7424
171,175,0.145,95.1,2599
6052,9554,0.191,77.3,90804
3164,5362,0.202,75.7,48870
3622,24722,0.978,14.2,56167
5234,10255,0.259,59.5,78452
187,466,0.311,52.0,2790
586,691,0.155,93.5,9039
177,556,0.427,33.2,2640
316,1050,0.472,34.3,4562
326,735,0.331,47.0,4905
865,2871,0.433,31.9,12532
397,1930,0.681,21.6,5718
189,265,0.178,87.2,2968
246,462,0.253,60.2,3851
236,329,0.175,87.5,3558
6053,8540,0.179,84.8,90003
2580,8851,0.449,35.4,38998
5774,11619,0.244,59.3,88151
755,4607,0.893,17.5,11172
376,560,0.178,92.4,5942
3170,7267,0.316,46.4,45426
464,1184,0.349,45.4,7166
448,1142,0.382,37.2,6451
318,664,0.279,51.5,4966
215,888,0.499,32.7,3321
353,895,0.31,43.7,5454
561,713,0.173,82.0,8029
1769,2252,0.176,85.1,27933
172,548,0.393,37.4,2554
315,645,0.295,52.2,4556
3212,3842,0.159,88.6,47373
233,1752,0.93,14.7,3553
532,574,0.162,90.0,7641
4080,15385,0.507,29.7,58892
242,355,0.214,71.1,3666
185,311,0.245,62.4,2764
928,1762,0.253,59.8,13312
456,495,0.163,87.3,6528
1202,7392,0.825,19.1,18123
3201,7356,0.334,41.2,46416
223,405,0.241,58.4,3420
1276,1680,0.189,83.0,19391
931,3693,0.486,29.5,14450
227,293,0.182,82.3,3514
1555,3862,0.315,46.0,22971
389,1675,0.556,27.0,5833
874,1231,0.186,78.3,13484
182,1342,0.907,18.2,2759
794,1463,0.259,56.3,12073
463,3086,0.977,15.7,6632
3445,8892,0.384,42.1,49914
164,293,0.24,64.1,2499
714,1428,0.253,60.1,10285
788,1835,0.328,46.4,12019
2311,5605,0.308,48.6,34103
1319,5101,0.524,30.4,18911
1793,3286,0.268,51.0,27202
2837,3838,0.169,95.8,41803
3809,5626,0.176,86.5,58329
444,2576,0.696,23.1,6828
1102,8758,1.067,12.7,16410
3737,4326,0.171,94.0,53499
6367,11332,0.241,57.4,95957
4516,8902,0.268,58.4,64907
593,766,0.184,80.3,8553
279,906,0.406,38.3,4291
895,2071,0.288,53.4,13567
2461,2467,0.144,97.2,36396
917,1437,0.213,70.5,13736
847,4345,0.601,23.8,13241
3715,17414,0.69,22.0,53107
562,2206,0.554,28.4,8223
3828,4559,0.174,79.0,57782
662,1952,0.411,36.6,9821
461,4529,1.287,11.9,7222
787,823,0.151,95.0,11812
2745,11503,0.647,25.3,39482
226,2304,1.387,10.9,3274
282,928,0.448,31.3,4312
5530,16578,0.444,31.2,82700
270,671,0.315,48.0,3973
1209,1476,0.158,92.8,18432
1229,1423,0.158,89.1,19287
905,1937,0.266,51.1,13579
1677,3831,0.324,47.0,24913
311,592,0.255,60.0,4914
1111,4090,0.436,31.9,17377
555,4179,1.041,14.7,8577
1747,2477,0.173,94.5,26618
232,1129,0.613,26.8,3475
1218,5208,0.58,27.9,18660
269,567,0.303,52.5,4128
411,710,0.26,54.2,5948
302,2598,1.198,11.7,4705
272,1402,0.636,23.3,4089
3523,8649,0.349,44.0,50569
412,621,0.224,71.5,6115
5121,17663,0.465,30.6,75194
5885,13006,0.311,48.1,88900
1186,2271,0.257,60.2,18688
236,268,0.165,90.0,3499
584,1720,0.378,39.3,8657
2904,13132,0.644,22.0,45326
559,1266,0.305,54.0,8418
195,249,0.193,77.2,2811
1142,6773,0.759,19.9,17660
3623,7761,0.294,48.2,54558
2988,26427,1.297,11.6,45007
272,2156,1.096,13.0,3967
1913,3719,0.264,53.5,27799
324,874,0.389,36.8,4738
308,388,0.157,86.1,4696
3899,7052,0.237,64.2,61101
348,803,0.288,50.9,5311
380,986,0.347,46.7,5601
136,267,0.249,54.8,2005
4206,30407,0.999,13.6,60293
2947,3722,0.179,90.4,44424
1572,1721,0.139,99.8,23272
2519,10200,0.513,26.3,37645
233,1336,0.674,20.8,3625
797,3845,0.697,22.9,12014
529,920,0.229,69.5,7902
201,300,0.209,69.5,2886
881,1244,0.18,86.3,13395
5124,7773,0.193,77.7,73339
156,378,0.321,50.5,2339
406,680,0.21,65.2,6254
291,483,0.222,71.9,4504
326,608,0.25,56.1,5077
4637,9391,0.278,52.8,69892
792,1171,0.207,68.1,12481
821,1538,0.259,60.2,12395
2740,4187,0.229,68.0,39194
248,421,0.232,65.2,3660
920,1392,0.209,74.7,13454
689,1286,0.227,67.9,10753
1373,2881,0.279,56.8,20661
6512,9871,0.199,71.4,99827
2811,5627,0.293,50.5,40578
612,2231,0.44,31.8,9484
3381,34146,1.46,10.1,50935
262,552,0.258,60.4,3899
150,276,0.247,63.2,2253
306,334,0.16,97.5,4450
491,1247,0.339,42.5,7574
970,2266,0.341,45.5,14739
1522,5368,0.519,28.2,22187
4712,34053,0.999,16.3,70489
970,1356,0.183,79.6,14697
902,3102,0.471,32.5,14212
166,306,0.243,64.8,2434
160,276,0.226,71.9,2292
1165,2476,0.283,52.4,17275
766,873,0.164,88.9,11104
3559,7295,0.296,49.9,53305
243,687,0.406,35.6,3749
139,196,0.171,90.6,2205
784,1106,0.186,87.5,11585
337,1412,0.56,24.8,5064
166,1375,1.231,12.3,2428
2314,14339,0.895,18.1,34048
216,634,0.386,35.8,3094
1441,1653,0.154,97.5,21604
397,876,0.267,60.3,6005
257,805,0.372,43.6,3942
587,782,0.167,90.0,8835
3180,5849,0.267,50.8,45989
589,1579,0.36,38.4,9272
2634,2889,0.161,94.7,37719
228,287,0.16,86.5,3267
2767,3226,0.162,85.9,41109
331,741,0.282,56.1,5053
1834,3003,0.194,81.0,28307
1192,5966,0.613,26.1,18292
4825,8667,0.224,61.6,75791
605,607,0.143,98.5,9100
165,535,0.442,36.2,2590
146,206,0.192,81.5,2155
3343,8142,0.294,54.1,50796
1007,10209,1.213,13.6,15579
2779,3962,0.205,78.7,41509
349,1433,0.598,25.2,5003
524,847,0.216,66.8,7714
149,961,0.859,17.7,2249
5893,6432,0.162,95.2,86015
1861,5313,0.4,36.3,27272
5334,21861,0.52,30.4,77004
365,1962,0.637,21.6,5650
1510,1842,0.166,95.1,21871
1857,2679,0.184,74.1,28430
482,638,0.195,76.7,6926
3599,8470,0.293,54.9,55200
5653,9661,0.261,52.7,81325
4446,22756,0.756,19.9,63734
2316,3758,0.231,60.4,36031
413,1453,0.502,32.2,5921
384,525,0.163,97.9,6018
5613,9479,0.2,81.7,86646
138,367,0.342,47.2,2082
2303,11486,0.665,23.6,32928
2110,2629,0.174,80.7,31689
1531,7877,0.687,21.0,22853
6538,27928,0.554,27.0,96204
472,1780,0.526,29.0,6774
518,914,0.264,60.1,7561
176,250,0.175,80.8,2723
738,1935,0.363,38.3,11306
355,2165,0.848,17.6,5553
518,1028,0.27,51.8,7663
3378,4825,0.201,77.3,52353
5053,20261,0.508,29.9,77694
286,1122,0.528,29.8,4136
562,587,0.144,95.3,8588
5076,7067,0.171,95.9,75638
168,184,0.136,99.1,2547
183,231,0.175,82.7,2870
248,1144,0.577,26.9,3781
1355,4670,0.469,29.1,20524
249,640,0.339,40.6,3603
5780,16627,0.355,38.6,88259
756,847,0.159,96.1,11481
975,1467,0.2,81.0,14226
359,568,0.202,75.2,5249
866,3486,0.573,26.7,12623
1856,1931,0.158,91.9,26644
2593,2743,0.16,84.5,37779
2521,9655,0.549,24.7,38179
1319,1579,0.183,88.4,19180
4589,13287,0.4,34.5,68787
3191,22435,0.955,17.3,48953
2526,3608,0.202,69.1,38657
161,288,0.225,68.8,2486
132,994,0.882,18.5,2054
296,934,0.377,38.7,4591
1709,2014,0.158,99.4,26812
691,1078,0.205,71.1,9991
671,999,0.19,75.7,9653
4281,16648,0.484,29.2,63667
4581,33424,0.934,17.1,66460
4525,15144,0.409,34.9,70095
473,1449,0.443,32.4,6828
1992,7258,0.53,31.1,29861
369,1528,0.53,27.3,5787
270,459,0.239,61.7,4215
269,943,0.417,39.5,4118
485,645,0.174,83.8,7625
703,3226,0.55,26.6,10752
3289,8395,0.308,51.8,51616
207,2018,1.286,11.2,3196
2308,4358,0.266,53.4,35452
1118,7447,0.983,15.0,15993
400,508,0.159,98.0,6169
892,1230,0.168,81.2,13750
439,957,0.27,54.1,6465
1422,7795,0.817,17.8,20594
719,1142,0.225,63.3,10917
263,341,0.198,78.3,3804
207,794,0.529,27.2,3155
1097,2263,0.251,61.1,16976
4473,5781,0.18,83.3,68265
517,693,0.179,79.1,7680
2314,3025,0.174,82.3,35186
1784,1995,0.157,89.1,26307
4966,5671,0.145,94.4,76509
3376,8202,0.33,46.5,49642
1204,2250,0.254,61.2,18351
1734,2339,0.172,81.2,26139
4505,6776,0.211,72.7,67198
648,810,0.165,99.6,9545
466,4789,1.222,11.2,7181
143,389,0.357,42.0,2086
3457,11100,0.445,35.3,50735
2979,9775,0.406,33.6,45906
210,842,0.527,30.0,3009
1294,2052,0.223,73.8,19102
815,4992,0.781,17.6,12283
204,326,0.208,76.7,3182
6199,9963,0.202,72.4,92679
298,950,0.428,32.6,4632
172,646,0.457,32.8,2601
1353,2141,0.206,66.6,20495
2453,3349,0.192,78.6,36003
146,170,0.153,88.9,2270
1810,2308,0.181,86.7,26313
1051,1152,0.155,96.8,16046
198,326,0.239,62.3,2995
268,290,0.154,91.8,3927
1245,1612,0.176,82.8,18450
416,480,0.155,90.5,6375
5177,50420,1.422,11.0,78559
3216,3634,0.145,96.9,49209
6310,12706,0.292,52.6,93773
362,455,0.175,81.8,5523
6055,29607,0.721,21.4,88830
726,1797,0.331,45.6,10806
500,1535,0.429,34.4,7788
159,495,0.428,36.2,2435
159,851,0.699,21.1,2458
1976,2706,0.193,82.5,29973
801,8594,1.448,10.8,11996
323,931,0.397,38.1,4851
1509,7432,0.628,25.7,22087
347,722,0.254,63.0,5378
1334,4831,0.459,32.9,19160
534,1686,0.411,33.3,8152
3276,7169,0.282,54.0,50144
3367,5722,0.212,68.7,49587
889,4584,0.723,20.9,12942
519,2387,0.599,25.8,7889
564,1929,0.479,32.2,8260
3237,3750,0.159,97.6,46764
494,1123,0.34,45.7,7220
288,518,0.216,63.9,4531
191,677,0.443,31.7,2785
850,1611,0.284,54.1,12414
894,6174,0.883,16.7,13187
3670,30607,1.203,13.1,53667
332,593,0.266,52.2,4752
587,1414,0.307,45.9,8878
3014,14601,0.68,22.3,47259
3330,5195,0.209,71.9,50158
573,583,0.144,99.4,9004
786,1966,0.323,45.6,12052
440,667,0.205,66.2,6550
5023,5856,0.141,96.7,76809
216,269,0.162,84.8,3181
5310,10512,0.294,51.7,77168
1920,2969,0.211,76.4,29033
1109,5764,0.663,21.5,16001
145,287,0.243,56.1,2272
886,2913,0.445,35.1,12854
678,3269,0.656,24.5,9857
246,529,0.288,48.4,3757
1703,8919,0.673,21.8,26076
5839,9027,0.192,72.9,89327
1239,2258,0.271,51.1,18037
2256,4788,0.267,57.8,32762
171,876,0.708,23.2,2614
689,3488,0.688,22.6,10247
202,375,0.263,62.5,3152
1461,1666,0.15,98.7,21986
5502,33299,0.868,18.7,78610
1714,4998,0.395,35.7,26629
188,232,0.157,88.3,2700
551,3732,0.946,16.5,8009
1203,1394,0.165,88.8,17242
624,1214,0.253,57.2,9684
3377,7991,0.332,46.7,52163
3072,9073,0.383,37.9,48431
1493,4387,0.414,36.7,21903
582,1642,0.384,37.5,8620
350,514,0.177,89.6,5430
207,272,0.192,75.1,3026
523,880,0.215,70.3,8016
646,757,0.166,81.9,10069
1861,6491,0.479,33.1,28134
1678,3056,0.234,65.6,26255
171,329,0.274,51.4,2631
617,832,0.176,80.4,9387
281,739,0.378,37.8,4072
253,455,0.224,67.9,3693
3372,4423,0.169,89.4,50885
160,346,0.31,46.2,2356
691,4622,0.974,16.0,10308
253,502,0.286,56.4,3861
4252,9487,0.331,41.1,62371
1200,1916,0.209,70.5,17677
333,423,0.16,95.6,4944
963,1889,0.284,53.7,14277
2374,4474,0.261,52.0,34978
5593,8450,0.205,68.9,84887
327,1726,0.709,19.3,4737
4126,13902,0.463,32.8,64065
5353,7022,0.167,92.7,77336
4731,7497,0.199,70.3,72110
1541,16947,1.293,11.2,24020
1582,5724,0.51,28.4,23500
637,1100,0.223,71.5,9684
2610,3550,0.179,78.8,37960
1058,1473,0.177,85.6,15983
1919,5589,0.437,36.3,28312
698,1001,0.17,93.8,10689
2264,4924,0.259,59.8,34980
3317,4605,0.198,72.7,50324
238,448,0.251,63.7,3546
3522,18713,0.747,21.0,52017
1112,1438,0.161,96.7,16556
3807,18417,0.651,21.1,54461
734,2112,0.414,32.9,10809
612,748,0.187,83.2,8810
4599,8548,0.249,65.7,71728
340,449,0.185,85.4,5342
3555,7153,0.284,56.4,54365
853,2350,0.345,43.9,13285
998,1215,0.155,93.0,14943
446,3889,1.171,13.3,6685
1264,1724,0.18,87.1,18819
487,1676,0.505,30.8,7137
162,212,0.189,86.4,2332
401,1958,0.648,22.5,5796
131,218,0.219,62.2,2050
6026,8038,0.18,89.9,91880
5688,10908,0.266,52.6,87459
605,965,0.202,77.2,9383
2313,3588,0.196,82.4,34554
518,727,0.189,76.3,7736
1791,2185,0.171,93.3,27618
3180,7198,0.289,50.2,46712
5539,23045,0.621,25.6,81197
607,4561,0.959,14.3,9571
2826,9801,0.481,32.2,42838
392,2088,0.679,22.9,5660
6432,12541,0.249,60.2,96288
145,654,0.584,26.6,2212
1378,13201,1.205,13.5,21203
1714,15754,1.186,13.2,26394
1888,2648,0.193,84.8,29512
220,391,0.235,63.2,3203
5025,14023,0.357,42.2,78625
265,329,0.158,90.5,4063
1454,10478,1.009,16.3,22859
327,308,0.139,98.2,4779
423,753,0.223,65.5,6652
1109,4566,0.543,26.5,16960
686,996,0.206,71.1,10228
247,366,0.207,78.7,3743
254,601,0.3,48.6,3903
669,868,0.186,87.5,10267
2656,11966,0.627,23.6,38692
4684,15425,0.458,35.1,67088
182,1093,0.818,18.4,2779
591,2466,0.498,29.0,9308
188,636,0.472,31.5,2960
145,182,0.16,92.6,2134
1784,11660,0.839,17.0,26623
1447,3096,0.296,48.5,21114
257,498,0.243,57.9,3784
346,414,0.16,90.9,4991
151,183,0.154,99.8,2194
3596,4912,0.188,77.8,52430
6023,7204,0.161,97.4,90573
222,348,0.204,80.8,3397
329,341,0.151,96.7,4946
3985,6533,0.202,73.7,59762
5055,31569,0.815,17.2,75000
666,1679,0.318,46.2,10326
165,304,0.23,68.2,2438
154,436,0.34,41.6,2333
1274,3575,0.406,34.6,18886
603,1152,0.236,62.0,9301
148,192,0.17,94.0,2237
1267,11359,1.169,13.1,19586
144,236,0.207,79.2,2090
2898,5031,0.216,75.0,43526
429,497,0.144,96.8,6632
148,166,0.145,93.8,2341
1355,1930,0.187,78.6,19981
613,1264,0.265,56.8,9477
6311,22724,0.53,28.4,90258
1124,1958,0.235,59.1,16811
383,486,0.176,78.9,5870
2172,2415,0.151,90.6,32088
376,597,0.198,81.1,5784
4730,18487,0.593,27.6,68756
566,987,0.216,64.0,8663
1201,2753,0.354,39.9,17188
164,1555,1.272,10.8,2437
730,3094,0.576,28.0,10592
3312,22149,0.811,20.2,51902
3069,4093,0.166,85.8,46752
328,1024,0.433,33.3,4809
327,905,0.41,35.6,4843
3162,3956,0.156,96.4,48933
5004,13449,0.352,44.1,76163
189,1940,1.382,10.9,2904
784,2533,0.46,35.5,11632
491,2301,0.665,20.7,7487
3943,23872,0.826,19.3,60298
179,1174,0.854,17.0,2772
301,524,0.231,63.4,4568
2454,11152,0.578,27.0,37970
170,455,0.383,42.5,2444
884,1330,0.179,87.6,13735
782,1850,0.328,48.2,11276
489,620,0.17,92.4,7398
616,1123,0.264,54.8,9362
1031,2785,0.344,45.9,15899
254,392,0.204,77.5,3760
1272,8674,0.91,16.6,18742
3104,21064,0.837,18.1,46712
2492,4731,0.23,68.7,39130
253,580,0.296,53.8,3651
250,292,0.179,81.1,3585
378,473,0.172,92.5,5710
553,1403,0.355,45.0,8212
655,1137,0.223,63.7,9885
1870,4017,0.284,55.1,28563
159,188,0.143,98.3,2496
152,181,0.162,84.8,2290
637,723,0.165,92.1,9265
1940,7228,0.493,32.9,30583
286,341,0.171,79.5,4262
1702,5448,0.471,33.9,24599
358,1360,0.522,28.8,5526
4134,4897,0.169,95.0,64041
4553,47369,1.366,11.7,66493
416,521,0.166,96.9,6398
317,1500,0.675,23.4,4917
658,931,0.191,83.7,9995
337,1115,0.403,34.8,5124
1919,4823,0.347,41.6,27758
3415,13396,0.482,29.5,50639
1838,3519,0.251,62.7,27835
3364,9282,0.338,41.3,50301
658,902,0.203,69.2,9451
236,2497,1.414,11.4,3686
2321,18446,0.989,15.8,35874
571,3821,0.85,19.0,8193
1926,4293,0.292,47.7,27637
371,513,0.176,83.3,5765
176,201,0.16,89.9,2748
6424,19956,0.422,32.0,97139
234,393,0.233,61.7,3684
6470,8504,0.185,79.2,95571
5841,16664,0.383,36.0,91495
2844,7085,0.325,46.8,44637
1756,3609,0.256,57.2,26385
1336,5493,0.616,22.1,19173
3919,36016,1.265,12.3,59225
407,1951,0.66,23.8,6205
872,1440,0.241,66.4,12462
1508,9865,0.9,16.6,22560
657,2872,0.606,27.1,9991
701,2329,0.402,40.4,10649
470,3191,0.891,17.0,7280
1213,4566,0.544,27.3,18182
3692,4064,0.147,92.0,55735
286,2745,1.332,11.7,4399
4983,8058,0.221,68.8,77375
1938,5186,0.366,44.6,29632
3342,5018,0.217,70.5,50089
1122,2406,0.262,63.0,17619
2716,11913,0.533,30.1,42209
148,197,0.19,86.2,2130
3290,6804,0.267,54.3,49139
149,189,0.166,84.0,2340
4417,10352,0.341,46.5,65007
6177,7631,0.161,98.6,96904
431,569,0.178,79.3,6318
311,336,0.163,96.9,4553
2702,5575,0.271,56.3,39935
367,741,0.263,52.6,5381
3777,6094,0.192,78.0,59100
203,251,0.183,89.2,2990
210,228,0.155,96.8,3273
6045,17056,0.405,39.2,92167
1943,2512,0.166,81.9,27916
3663,15667,0.542,29.0,54937
496,1049,0.276,59.1,7113
1803,8105,0.573,26.2,28206
1360,3614,0.352,41.3,20446
1349,1671,0.165,93.8,21172
1950,10831,0.702,23.1,28882
1212,2122,0.21,66.9,18991
691,1216,0.232,63.4,10715
382,1902,0.669,20.9,5885
2763,8072,0.381,39.3,40441
312,546,0.249,60.7,4846
2070,9787,0.608,26.8,30013
319,442,0.18,82.1,4982
1467,1779,0.156,97.5,23091
2452,10586,0.551,29.3,37178
328,1305,0.539,26.8,4705
162,367,0.305,50.9,2528
213,370,0.204,77.3,3338
1463,4815,0.41,35.3,21409
3629,33102,1.187,11.8,55489
162,308,0.256,58.7,2384
2285,2708,0.152,96.1,35345
504,1198,0.316,45.2,7601
846,2431,0.343,47.8,13002
5022,5545,0.154,97.2,75706
501,748,0.222,72.5,7328
844,1263,0.189,74.7,12348
140,267,0.269,60.6,2109
191,234,0.163,97.7,2752
358,572,0.221,72.0,5500
144,197,0.162,90.6,2230
1594,2565,0.205,72.9,23643
715,1152,0.201,76.2,10603
1086,4086,0.439,36.1,17073
266,780,0.43,37.3,3960
419,535,0.171,80.5,6365
1833,6104,0.442,36.7,26844
5999,12451,0.269,60.6,87307
163,543,0.471,32.4,2436
4125,5935,0.168,83.5,65127
1290,7214,0.8,19.9,19104
1240,1743,0.179,84.7,18159
920,1762,0.248,64.2,14157
174,782,0.594,26.8,2623
198,324,0.234,58.8,2842
1370,4178,0.432,35.4,20987
492,1406,0.382,39.1,7591
4683,13986,0.392,41.6,72350
658,4478,0.917,15.7,9813
244,262,0.143,98.7,3503
2207,20045,1.261,12.8,32757
411,619,0.2,69.6,6301
1056,3027,0.358,43.4,15623
2069,3403,0.211,68.1,30663
4556,11066,0.361,42.1,67694
2856,5119,0.217,70.6,44354
1904,3019,0.195,75.6,28193
1890,3536,0.228,72.1,28556
5135,29624,0.686,20.3,80933
425,692,0.212,69.1,6362
140,403,0.42,35.2,2008
380,3651,1.222,12.6,5795
327,757,0.311,47.3,4690
1704,3583,0.281,49.0,26635
1627,3562,0.314,52.0,23860
1306,2004,0.201,73.4,20384
138,421,0.384,37.8,2131
2323,6415,0.387,38.4,34610
477,3283,0.916,15.4,7090
1847,2798,0.192,71.8,26973
1189,1931,0.228,61.1,17645
514,1411,0.338,41.4,7643
235,323,0.192,73.5,3385
191,336,0.253,58.4,2893
3354,6934,0.294,52.2,51731
4680,9658,0.275,56.0,72670
1677,2426,0.201,67.3,25409
204,375,0.234,69.4,2997
613,2239,0.443,36.0,9639
2223,13485,0.723,22.7,34631
2706,13012,0.605,24.1,42259
213,359,0.229,67.5,3175
129,150,0.158,88.6,2000
2089,5611,0.34,46.9,32428
542,2286,0.554,25.3,8070
370,490,0.185,78.1,5412
137,201,0.176,84.9,2103
1112,1457,0.171,89.3,16557
3574,7004,0.235,64.6,55861
5894,6847,0.158,87.5,84726
1199,11422,1.297,11.4,18289
1047,6487,0.828,19.7,14965
194,1160,0.879,18.3,2789
1173,1797,0.206,74.1,17121
561,4056,0.936,16.3,8843
1439,2530,0.253,54.7,21504
584,1206,0.268,52.5,9150
354,925,0.376,38.0,5120
198,226,0.169,88.3,2899
478,2260,0.619,25.3,6855
196,520,0.357,41.7,2918
266,337,0.174,79.7,3995
6356,55408,1.163,12.7,95166
749,1183,0.198,70.6,11364
1064,1366,0.189,83.5,16020
4121,4589,0.149,93.9,60993
6835,8231,0.168,88.9,98281
1315,4238,0.402,38.7,19545
3315,5485,0.226,62.8,48017
496,2697,0.81,17.0,7186
441,1479,0.457,33.2,6614
634,3659,0.739,18.5,9665
1877,5022,0.398,38.4,27771
1912,2757,0.178,88.8,28843
438,1101,0.351,41.2,6864
221,376,0.247,60.6,3367
1660,3551,0.332,49.0,23738
210,497,0.291,51.3,3304
1306,1615,0.17,97.3,19225
2077,5287,0.381,36.7,30139
2097,3904,0.235,66.5,30999
2559,5796,0.323,47.8,38120
4138,30511,1.04,15.5,60812
935,1686,0.255,54.0,14139
2225,3255,0.172,83.2,34809
1572,8720,0.736,18.9,22541
274,2173,1.002,16.3,4150
149,623,0.62,23.8,2211
407,629,0.206,78.8,6087
720,1099,0.191,75.2,11316
1558,2490,0.228,60.9,22360
3815,7398,0.276,52.1,55601
277,392,0.17,89.9,4309
228,300,0.203,79.0,3268
5916,7838,0.176,83.1,86686
202,291,0.195,83.2,3052
876,1408,0.21,67.8,13000
1265,2824,0.304,51.2,19764
1115,1409,0.179,87.8,16626
178,218,0.153,93.3,2800
167,1532,1.118,12.1,2499
202,1649,0.997,14.6,3021
1367,1329,0.142,96.3,19766
1146,3589,0.464,34.9,16821
324,469,0.185,88.6,4990
1678,4163,0.349,45.0,24243
3321,19697,0.757,20.7,49465
158,976,0.825,17.2,2353
904,4007,0.57,24.1,14039
2047,7472,0.49,32.5,29658
373,698,0.281,54.0,5366
456,733,0.213,73.1,6666
1535,1764,0.16,98.8,22058
4383,10568,0.296,49.7,67080
3283,5425,0.246,56.6,47540
1303,2620,0.279,57.0,19577
2242,4815,0.254,58.5,34806
564,1189,0.282,56.6,8333
1666,18297,1.373,10.8,24547
808,8958,1.393,10.2,12389
267,1701,0.746,18.8,4204
2013,12329,0.822,19.1,31135
1164,1678,0.207,73.4,17637
524,2231,0.517,28.4,8134
4568,6203,0.165,90.5,70691
143,179,0.162,93.6,2170
479,507,0.145,97.8,6878
170,209,0.155,94.5,2498
2626,7825,0.417,34.5,40117
2172,4186,0.262,55.9,31180
494,1934,0.582,25.8,7311
1866,2215,0.17,82.6,28116
625,758,0.163,90.0,9412
2546,3469,0.169,86.6,38537
767,1812,0.293,49.0,11821
661,1157,0.211,78.3,10034
5178,25719,0.731,18.8,77465
356,2950,1.133,13.6,5336
219,269,0.18,77.8,3203
1293,2963,0.332,48.3,19685
6040,6891,0.163,99.6,88690
589,3262,0.784,18.8,8769
177,230,0.184,87.0,2549
497,937,0.268,53.2,7542
1003,1190,0.165,84.4,14474
259,353,0.173,83.5,3768
1774,2164,0.157,92.4,26249
6710,21137,0.399,36.8,99123
748,950,0.153,95.5,11709
558,2440,0.623,23.7,8011
614,4493,0.899,17.4,9589
210,480,0.291,48.8,3138
4150,4778,0.16,84.5,63341
670,1545,0.285,52.6,10134
613,791,0.175,84.6,9099
1832,2156,0.181,75.7,26413
748,2793,0.482,28.8,11272
1765,2059,0.158,95.4,25255
171,1179,0.918,15.5,2543
3107,4038,0.178,90.8,48252
5118,14798,0.375,37.4,79235
1723,3056,0.246,55.0,25308
5330,14168,0.309,48.0,83716
240,1244,0.646,25.5,3616
832,2484,0.365,42.2,12946
1394,5246,0.532,27.4,21061
1330,4496,0.478,28.3,19470
638,2615,0.557,26.8,9618
483,979,0.261,54.0,7506
213,280,0.189,81.8,3284
609,1174,0.249,61.2,9259
241,290,0.158,90.4,3779
2378,3647,0.204,67.3,35374
305,446,0.219,72.0,4527
160,263,0.218,70.1,2514
1145,2905,0.318,50.5,17357
1356,2034,0.198,72.0,20526
3972,30439,0.95,16.3,60587
1281,1575,0.159,87.4,19111
507,743,0.18,80.0,7726
3059,10060,0.482,32.1,46272
1136,1591,0.202,79.1,16555
175,1787,1.299,11.1,2727
1234,5355,0.538,29.6,18297
4654,35394,0.979,15.9,69779
616,847,0.181,80.2,9426
434,610,0.207,78.0,6374
234,316,0.181,83.2,3505
240,2653,1.485,10.4,3616
736,1560,0.272,55.1,10871
1412,2044,0.202,73.4,20562
191,883,0.669,24.0,2741
5331,7610,0.21,68.5,78945
2653,13512,0.775,17.6,38368
1257,6011,0.613,26.3,19846
3417,7492,0.302,52.8,51111
177,293,0.212,68.8,2736
826,4091,0.608,23.1,12917
1573,6217,0.582,26.7,23525
3494,12361,0.484,28.4,51154
2832,10784,0.469,31.5,42866
400,1326,0.453,30.4,5912
5284,13374,0.336,45.6,79351
215,320,0.197,68.8,3253
4004,9340,0.311,49.4,61355
5880,7998,0.194,79.8,89254
262,370,0.2,74.7,3999
2280,10344,0.656,21.4,33713
150,1188,0.959,14.4,2341
624,756,0.162,89.0,9768
1020,7117,0.867,17.2,15072
1298,6801,0.661,23.4,19387
5152,45439,1.126,12.0,77832
1785,3402,0.235,66.6,27743
868,1497,0.251,62.4,13143
3258,3613,0.15,98.8,47494
5707,7253,0.162,89.8,82405
148,337,0.341,47.0,2180
5952,16328,0.365,43.4,93390
189,571,0.448,36.7,2801
3141,15114,0.616,23.7,48378
391,1999,0.723,22.4,5988
216,1049,0.628,21.9,3354
765,4241,0.727,20.3,11177
1680,5453,0.471,31.6,24836
598,1839,0.394,37.6,8876
167,179,0.159,96.5,2475
1354,2190,0.226,62.1,20868
4525,5312,0.163,98.9,68263
605,1651,0.348,43.5,8955
315,790,0.317,51.2,4662
775,1836,0.344,39.2,11296
157,645,0.582,26.5,2416
3392,17063,0.644,22.9,49546
3359,4123,0.158,95.1,50694
1352,1479,0.159,98.8,19953
528,4066,1.01,14.0,7960
3182,14724,0.6,23.5,45691
1130,2596,0.324,48.1,17515
3433,13055,0.563,26.8,50613
1588,3750,0.332,42.7,23651
2774,15331,0.692,21.6,43024
1326,2833,0.291,51.1,20795
693,2429,0.452,34.5,10107
5461,14437,0.324,41.7,84830
1072,6938,0.825,18.5,16609
1490,3108,0.316,48.5,21333
322,415,0.16,98.5,4738
1502,4710,0.408,39.6,23120
1258,1545,0.167,88.9,18714
275,383,0.169,85.9,4121
174,195,0.144,95.7,2525
1450,1886,0.179,81.1,21272
2732,3856,0.198,69.4,39675
1003,1301,0.183,87.1,15497
328,2496,0.947,16.8,4856
1725,4140,0.286,51.7,27128
174,189,0.144,99.0,2736
766,1034,0.175,79.3,11263
240,331,0.166,96.6,3789
276,391,0.201,80.2,4115
304,363,0.161,88.7,4412
597,901,0.209,73.6,9078
155,235,0.182,78.4,2443
645,1095,0.248,57.1,9481
1029,1113,0.146,93.2,14804
902,1155,0.181,84.3,13247
600,658,0.162,85.9,8940
3457,4727,0.192,70.6,53298
224,672,0.369,37.4,3531
982,7495,1.093,13.2,14460
165,215,0.165,94.2,2549
182,291,0.225,62.8,2641
1254,4302,0.439,36.8,18880
1224,5606,0.613,23.4,18309
4242,5108,0.171,84.7,62055
1215,1367,0.166,85.3,17735
5777,7081,0.171,83.3,85444
168,250,0.202,68.1,2419
205,515,0.335,42.9,2934
165,476,0.43,37.4,2376
284,3081,1.445,10.8,4128
1130,1474,0.19,85.0,16620
1693,9124,0.773,17.9,24994
153,267,0.223,66.8,2390
5273,9934,0.256,55.4,80948
3417,7596,0.273,57.4,53931
410,611,0.176,93.4,6382
179,1561,1.241,12.8,2705
250,336,0.171,79.6,3887
227,1753,0.984,14.7,3286
222,1532,1.011,13.4,3239
970,2070,0.28,48.7,15207
340,2120,0.876,15.7,5232
558,738,0.177,81.0,8118
6592,12400,0.25,57.7,95977
2025,17505,1.166,12.6,29084
5732,44536,1.078,13.6,81906
243,444,0.243,65.1,3493
589,682,0.169,82.6,8918
1138,2704,0.283,49.4,17518
184,327,0.257,59.9,2700
132,174,0.186,82.0,2033
1892,3222,0.215,64.9,27547
1647,6973,0.531,30.2,24629
684,1167,0.222,65.2,9975
885,1372,0.219,66.5,13580
677,1046,0.194,76.1,10159
147,246,0.22,65.9,2196
517,606,0.156,97.2,7427
260,1157,0.528,27.8,3998
204,206,0.149,95.6,2939
5799,11719,0.277,58.5,84424
1422,2243,0.205,70.5,20860
2372,14044,0.823,19.0,34593
462,1027,0.329,44.3,6867
604,802,0.187,79.2,9310
326,497,0.193,73.6,5053
201,1618,1.158,13.6,2922
274,495,0.265,59.2,4029
2932,16570,0.756,17.9,45287
1910,1828,0.137,99.6,28324
1126,1377,0.179,90.8,16992
826,8109,1.359,11.9,12829
4937,6838,0.172,87.3,73827
173,193,0.162,92.7,2658
383,1204,0.381,41.8,5994
522,768,0.186,74.8,7862
2871,6713,0.311,49.8,42692
6180,9896,0.216,69.0,97114
338,1067,0.387,40.6,5127
3978,10594,0.348,39.0,61157
3275,7636,0.317,48.2,51550
309,1558,0.657,23.1,4816
612,846,0.189,84.8,9538
641,1817,0.375,41.4,9932
6307,16095,0.351,46.0,91832
268,352,0.179,90.5,4058
2931,6327,0.269,54.7,45580
473,947,0.236,59.0,7392
2279,2709,0.16,96.1,34894
710,901,0.18,89.8,10342
1263,5470,0.544,25.3,19215
3345,7540,0.289,52.6,51953
3069,3256,0.142,97.4,46481
3975,9835,0.312,43.5,59300
160,486,0.358,43.4,2525
2024,8610,0.564,27.6,29978
228,1221,0.754,20.3,3458
645,1060,0.21,76.6,10174
1160,1483,0.173,79.3,17102
658,677,0.142,97.2,9666
1031,1470,0.202,79.6,15269
6472,23079,0.471,31.9,98650
226,1766,1.052,13.6,3394
1851,2106,0.159,98.7,28093
640,2025,0.398,40.6,9415
226,740,0.409,38.1,3365
237,339,0.173,91.5,3721
5544,9202,0.229,62.7,82000
4240,14890,0.49,29.3,62437
4574,6482,0.179,90.0,69513
6691,7628,0.154,99.4,96741
311,1838,0.798,17.8,4518
518,639,0.172,87.6,8033
1901,4835,0.345,45.1,27416
879,1775,0.248,57.2,13273
700,789,0.167,92.3,10276
557,547,0.14,97.6,8108
1361,4385,0.429,33.6,20410
1254,5247,0.532,29.2,19008
261,1396,0.809,17.2,3761
821,1591,0.234,60.6,12661
1133,11379,1.438,11.2,17432
1224,3289,0.33,47.1,18617
314,1860,0.903,16.6,4549
2539,5163,0.304,46.5,36486
143,1249,1.068,13.6,2207
553,767,0.179,85.2,8014
2753,11222,0.484,28.9,42324
1267,3167,0.378,39.5,18157
373,465,0.167,88.3,5555
1921,2685,0.193,77.2,30320
1170,3985,0.465,29.7,18408
2898,17673,0.839,16.5,45063
2290,3565,0.22,74.4,35466
1489,4270,0.364,45.2,21756
875,1169,0.187,78.9,13502
235,547,0.317,50.1,3367
375,1071,0.376,41.1,5559
700,1325,0.274,50.6,10305
1351,2132,0.186,77.4,20855
1033,1145,0.158,91.2,14921
418,3524,1.056,14.5,6175
141,297,0.267,57.2,2051
971,9536,1.256,13.0,13935
392,977,0.304,52.2,6113
2265,3016,0.179,89.7,35408
150,385,0.38,42.5,2196
1361,1691,0.169,93.9,19707
5346,8395,0.217,66.8,79536
260,317,0.15,94.1,3956
856,1292,0.195,78.1,12657
186,1101,0.806,19.3,2859
1501,4970,0.476,30.8,23123
1147,2880,0.353,45.5,17233
637,3228,0.647,25.3,9843
1023,1963,0.279,54.5,15375
4651,9762,0.284,52.4,66724
297,371,0.167,96.1,4310
152,282,0.277,49.0,2184
3999,5104,0.172,80.7,58206
1256,1652,0.169,94.8,19122
4482,5728,0.177,88.9,65197
1435,5774,0.512,28.8,20664
3314,6487,0.296,54.6,47584
729,1857,0.352,41.3,10740
2433,6775,0.335,46.0,37585
4525,12610,0.363,42.5,71163
1206,1538,0.167,84.4,18752
283,593,0.283,50.7,4056
380,840,0.284,57.1,5724
300,280,0.143,98.4,4350
348,2370,0.911,15.4,5253
449,888,0.277,53.9,6631
1114,1555,0.173,79.7,17546
1296,6916,0.686,23.6,19953
702,1159,0.212,65.0,10608
1500,5569,0.486,31.6,22213
177,215,0.165,88.1,2751
192,539,0.403,39.4,2819
257,735,0.385,39.6,3917
1044,1653,0.23,63.8,15178
295,1485,0.62,26.5,4619
411,1188,0.384,35.6,6057
625,1448,0.321,47.5,9575
3287,10154,0.394,41.8,47903
139,284,0.272,57.2,2111
1719,2884,0.246,64.0,25369
1904,2876,0.223,61.0,27379
2887,4515,0.197,68.9,45490
4874,13425,0.361,37.7,76868
148,892,0.771,21.4,2163
246,381,0.209,78.5,3650
4182,5812,0.168,86.6,64063
801,2400,0.434,33.1,12023
1158,2812,0.299,46.6,18207
1729,3805,0.264,54.9,26760
1885,3440,0.252,58.0,28493
5274,8057,0.227,69.4,76564
6574,57369,1.171,13.7,98813
2250,3838,0.21,74.9,33462
425,3130,0.991,15.6,6151
4085,9735,0.303,52.1,62474
164,233,0.186,84.5,2424
341,661,0.295,50.6,4938
4329,20508,0.62,23.4,66936
358,362,0.145,98.7,5448
331,394,0.173,90.0,4741
239,376,0.206,79.4,3433
3735,9629,0.324,47.0,57628
902,4754,0.612,26.5,14145
1825,1872,0.143,94.7,28031
336,684,0.274,57.9,5095
2571,3816,0.185,86.7,38807
2638,6959,0.377,40.8,39107
471,1282,0.406,40.2,6793
653,760,0.155,98.7,9971
313,553,0.25,57.0,4542
5835,31212,0.624,22.7,91238
1590,6312,0.509,29.8,24997
5162,12610,0.304,53.4,77409
417,3504,0.992,13.8,6553
2809,5885,0.297,51.6,42602
2773,6915,0.331,47.7,40012
1943,2470,0.173,80.1,29931
5948,13263,0.33,41.9,87422
609,743,0.148,98.4,9325
212,871,0.545,26.3,3335
1856,2992,0.223,63.2,27684
2389,13049,0.78,18.1,34682
1253,1628,0.183,76.0,18968
302,341,0.154,99.5,4491
997,1318,0.186,83.7,14390
465,866,0.26,60.0,6783
688,1623,0.282,53.6,10648
1702,2320,0.192,85.2,24959
2461,2864,0.171,94.2,36908
338,383,0.165,99.0,4961
650,1636,0.321,45.7,9764
367,474,0.163,99.2,5732
292,1557,0.657,24.0,4350
2854,9848,0.442,32.8,42853
4682,25254,0.767,18.0,70116
588,1774,0.451,34.5,8512
2619,3336,0.176,79.1,37794
4434,5722,0.166,86.8,66834
3635,4785,0.187,80.1,54773
273,485,0.233,66.8,4089
5629,13084,0.289,56.3,84283
608,945,0.207,73.8,8729
510,1337,0.343,45.2,7540
166,227,0.168,85.7,2553
895,1352,0.219,70.9,13397
206,293,0.203,72.8,3063
357,662,0.276,58.2,5288
464,525,0.164,89.7,6910
3054,11686,0.456,32.7,47337
3905,9690,0.334,44.3,61441
428,671,0.199,80.0,6529
3807,8992,0.301,54.3,57535
3646,4734,0.161,90.0,57205
2738,7295,0.362,41.2,39824
232,639,0.361,43.2,3550
2067,2635,0.18,90.0,29776
5190,12636,0.289,51.8,80648
1840,3190,0.245,56.5,28883
487,1218,0.366,39.9,7318
915,3072,0.434,34.9,14174
1740,2581,0.214,69.0,25009
934,4893,0.676,20.8,14739
211,268,0.153,89.1,3197
471,694,0.194,80.1,6779
3041,15056,0.607,27.2,46161
3718,6351,0.224,72.5,58150
223,392,0.242,64.2,3422
5532,26334,0.602,26.6,83005
467,1584,0.412,34.6,7239
1773,4424,0.328,46.8,26685
2609,3833,0.188,72.9,37875
3313,6064,0.231,67.5,47918
5148,11394,0.283,57.9,80877
438,652,0.203,79.2,6802
3746,5569,0.193,78.2,57491
225,444,0.242,65.6,3347
2073,3054,0.202,80.8,31540
2513,6582,0.353,40.1,36444
1930,2617,0.178,89.3,28344
343,554,0.219,65.3,5366
4107,5945,0.192,84.0,60856
248,434,0.233,59.2,3871
160,625,0.473,29.7,2466
2136,4597,0.266,58.8,33111
828,2211,0.323,43.4,12848
3737,5000,0.192,72.8,55414
601,1166,0.287,52.8,8962
249,388,0.188,85.3,3863
3688,5190,0.201,71.0,52737
1132,1793,0.224,71.6,17124
268,1037,0.539,29.5,4192
2148,2596,0.155,98.6,33491
992,1236,0.18,85.8,14770
1485,1811,0.168,81.0,21268
814,2332,0.368,39.7,12136
3564,6324,0.246,58.2,51166
3403,17323,0.624,22.3,51337
2125,3747,0.251,58.5,32081
201,949,0.63,23.1,3020
3619,6515,0.262,59.8,53237
1816,3319,0.224,68.4,27609
2111,5976,0.36,45.1,30567
525,1029,0.254,54.9,8274
4132,4616,0.154,88.8,62359
2279,12469,0.764,19.8,34151
209,276,0.166,81.3,3106
642,3195,0.625,25.4,9858
4243,38943,1.129,13.3,64115
160,622,0.56,26.7,2405
5839,7915,0.185,78.9,85990
1952,4644,0.315,46.5,28504
1613,2132,0.167,88.5,23643
378,666,0.237,57.2,5763
370,2918,1.146,12.0,5293
5499,8696,0.202,74.5,79718
417,2045,0.7,19.9,6423
2685,4043,0.195,81.0,41551
609,2631,0.57,25.1,9309
228,537,0.336,41.1,3448
143,184,0.181,78.5,2085
1152,1334,0.152,95.9,16815
6276,13869,0.313,43.4,90959
552,670,0.165,84.6,8475
544,2275,0.533,27.2,8088
501,736,0.175,82.6,7684
981,1859,0.23,69.2,15325
761,3513,0.586,27.3,11212
4018,12862,0.378,37.2,62514
979,4861,0.635,21.9,14450
986,2767,0.346,44.5,14577
236,1012,0.562,28.3,3436
6006,11636,0.241,68.0,93470
364,375,0.136,99.5,5317
186,1914,1.33,11.1,2664
1847,3712,0.268,58.7,26772
1403,2802,0.259,61.6,20537
687,709,0.148,92.3,10147
689,1579,0.28,55.5,10430
2941,5202,0.244,58.9,43135
293,524,0.262,52.4,4300
3343,11480,0.438,34.2,49501
1737,11417,0.929,15.0,25306
683,1620,0.336,46.8,10300
769,6091,1.067,14.7,12000
366,666,0.269,59.5,5458
2468,6764,0.389,37.7,37918
980,1767,0.233,58.0,14872
445,2434,0.647,22.1,7017
1356,1616,0.159,93.9,20592
6758,8679,0.172,90.5,98345
735,3150,0.54,27.1,10978
4648,13151,0.369,40.9,73325
512,918,0.231,65.2,7712
161,903,0.752,18.6,2477
295,838,0.367,41.9,4446
679,2206,0.455,32.6,10289
328,445,0.172,92.4,4722
127,164,0.18,86.7,2001
4868,7985,0.222,62.2,71711
3746,6843,0.263,56.8,54294
2544,3098,0.166,93.8,36489
248,278,0.147,93.9,3856
214,251,0.163,97.2,3202
165,823,0.666,21.3,2605
2264,9765,0.614,24.5,33972
4857,9204,0.23,70.9,75691
742,1318,0.259,58.7,10776
204,2129,1.267,11.7,3187
990,6422,0.868,15.6,14844
523,553,0.155,89.9,7828
605,698,0.173,88.2,8666
1539,4356,0.355,42.2,22732
2171,2746,0.162,90.2,33274
200,370,0.256,63.4,3082
147,210,0.176,82.5,2298
6687,16232,0.312,48.5,97806
337,1807,0.753,20.2,4970
166,383,0.308,49.0,2468
267,588,0.292,51.2,4203
159,259,0.244,59.6,2329
626,3775,0.832,19.5,9262
3220,3628,0.15,99.2,46162
511,1778,0.472,32.0,7599
743,3095,0.555,27.9,11368
1851,3264,0.239,57.4,28108
944,1971,0.272,58.3,14642
3963,8498,0.303,49.6,58156
4029,5892,0.195,79.5,59210
134,265,0.28,56.5,2079
2702,5535,0.249,64.9,41966
774,1107,0.195,75.1,12128
6644,63909,1.301,12.3,95728
859,1525,0.233,61.4,13244
6234,8658,0.173,89.6,95002
2496,24345,1.194,11.6,38284
349,726,0.292,46.5,5289
1119,1256,0.148,93.4,16434
6704,15736,0.346,41.8,96970
3697,7019,0.265,51.3,57272
198,248,0.157,98.3,2927
2082,7648,0.517,27.9,31705
540,3616,0.99,15.9,7729
134,148,0.156,87.3,2055
614,773,0.161,88.2,9694
334,761,0.281,52.5,5010
3167,6104,0.26,56.3,49233
476,615,0.163,85.2,7484
3462,5391,0.216,76.5,50929
136,410,0.424,33.9,2004
442,4598,1.36,11.5,6668
348,692,0.266,53.2,5137
333,447,0.185,87.3,4987
176,226,0.162,90.6,2611
279,319,0.169,96.1,4158
1191,1312,0.163,89.2,17574
404,746,0.217,62.2,6252
666,1616,0.301,50.0,10236
578,875,0.189,79.7,8736
4080,5682,0.181,76.6,61541
4729,8257,0.243,58.4,69040
905,6262,0.888,17.9,13757
468,487,0.146,93.3,7277
197,468,0.293,51.0,3037
5397,14846,0.353,42.7,83336
172,322,0.234,66.7,2531
425,634,0.193,70.6,6408
436,1572,0.527,29.0,6418
463,552,0.158,85.3,7004
263,686,0.396,36.1,3803
2992,12568,0.56,26.8,42815
218,563,0.349,46.6,3229
1656,2139,0.183,75.8,23972
216,256,0.145,96.9,3246
183,268,0.187,82.8,2635
4832,5912,0.155,94.6,70165
294,1347,0.678,22.7,4207
3353,26120,1.005,16.4,49694
1154,2507,0.273,60.2,16839
181,554,0.403,36.1,2712
5465,7033,0.178,84.5,84005
345,642,0.23,70.5,5255
4001,4395,0.141,97.4,57748
246,908,0.451,32.9,3871
3799,7373,0.272,53.7,56474
138,257,0.261,55.1,2106
976,3967,0.523,31.5,14809
2809,5030,0.249,63.1,40577
5348,11772,0.294,49.9,77485
4719,10294,0.318,50.2,70103
3217,8035,0.351,42.6,49379
4294,43920,1.399,11.5,64571
288,520,0.251,57.0,4360
399,1097,0.353,40.2,6079
396,4243,1.407,10.1,6194
585,1816,0.401,37.7,8742
608,2011,0.41,35.1,9316
1140,2422,0.307,45.4,16835
244,1527,0.754,21.9,3738
1978,4596,0.291,55.7,29883
245,420,0.213,72.3,3852
471,882,0.242,66.7,6733
955,1352,0.198,82.3,14328
2863,6800,0.306,50.7,45098
2415,4393,0.265,56.7,36088
1727,2411,0.195,82.9,24990
251,577,0.314,48.5,3678
1156,1650,0.19,73.1,16999
180,382,0.297,49.1,2815
592,1236,0.312,47.6,8753
690,1031,0.208,78.4,10082
156,659,0.601,25.7,2337
404,1223,0.398,40.5,5841
5479,22713,0.523,30.2,84071
5417,13724,0.341,42.3,83410
548,1837,0.509,30.7,7936
159,251,0.227,62.1,2367
255,376,0.18,81.8,4030
609,1003,0.197,80.8,9276
5629,14096,0.358,42.8,81522
220,297,0.161,99.0,3474
2511,4784,0.225,63.4,39647
199,477,0.343,45.9,3059
6451,8334,0.166,85.2,92930
617,883,0.2,75.7,8899
2772,4335,0.191,77.4,41507
512,2111,0.549,27.7,7639
1527,2942,0.267,52.1,23303
275,386,0.167,87.6,4238
243,470,0.28,55.4,3540
5026,8964,0.212,71.5,78482
4824,8152,0.241,62.9,72457
4350,5836,0.175,85.8,64389
1479,5203,0.459,35.6,23100
3155,6819,0.264,61.8,47233
176,848,0.691,21.1,2620
505,734,0.202,72.1,7410
442,700,0.2,75.9,6823
1569,13104,0.995,13.9,24042
540,786,0.203,70.8,8049
249,525,0.3,47.3,3575
1336,6850,0.669,21.2,20625
3381,7416,0.323,47.8,48377
607,2528,0.533,27.5,8917
230,455,0.296,47.4,3355
275,814,0.362,44.6,4317
330,537,0.211,76.5,5064
411,618,0.202,79.7,6464
1627,2802,0.227,64.6,24724
1466,12701,1.135,12.0,20990
1950,2219,0.147,93.8,30454
554,762,0.2,71.8,8258
3183,24696,1.083,13.1,50231
302,451,0.193,83.7,4443
809,3554,0.587,28.0,12528
2946,6399,0.257,62.1,45898
265,624,0.302,52.0,4046
210,484,0.319,47.8,3073
4063,5639,0.176,90.1,63442
496,1255,0.331,49.4,7649
1840,14313,0.912,16.8,29033
154,160,0.147,95.2,2208
2001,2063,0.151,92.8,29743
469,747,0.213,71.6,6887
168,354,0.278,52.1,2487
1397,10116,0.884,18.4,21731
345,526,0.189,81.2,5130
583,4151,0.925,16.8,9082
180,1111,0.836,16.2,2741
238,456,0.257,58.4,3556
430,2099,0.606,24.4,6416
182,2273,1.46,10.7,2841
4484,11759,0.305,48.1,70549
140,712,0.735,22.3,2047
905,4209,0.634,24.4,13276
206,1410,0.915,16.9,3239
427,1853,0.571,28.5,6664
5188,7519,0.222,74.4,74881
257,298,0.17,82.8,3764
6121,13455,0.314,50.7,87488
290,547,0.252,55.6,4473
2422,19984,1.149,12.9,36385
1101,6824,0.85,16.2,16975
4294,15473,0.463,33.2,63640
1119,2117,0.253,59.0,17468
1039,1693,0.201,76.6,16189
274,504,0.241,64.5,4296
260,688,0.339,45.3,3832
4805,23447,0.696,20.6,72130
486,669,0.199,80.3,7211
593,1574,0.355,42.7,8574
2667,4154,0.196,76.2,39079
499,1024,0.293,56.2,7528
5794,7114,0.188,76.5,82900
2380,3208,0.165,91.7,35871
1326,1599,0.167,92.9,20703
4389,7112,0.239,58.2,62754
154,342,0.26,56.0,2428
366,1359,0.469,33.9,5467
806,900,0.151,94.2,12334
324,775,0.293,51.2,4860
2462,13333,0.716,21.5,36719
4733,10565,0.317,48.9,72901
703,3995,0.732,21.4,10495
521,1119,0.291,55.2,7626
5601,10585,0.243,60.5,86035
750,2421,0.387,40.4,11397
882,6015,0.954,16.4,13549
544,619,0.152,94.9,7915
4785,7173,0.206,79.6,70198
1280,1663,0.188,85.5,18521
2542,6842,0.334,43.0,39440
3056,4896,0.198,78.5,47892
488,1189,0.292,53.7,7617
702,3090,0.527,28.1,10910
3697,21240,0.759,21.2,55278
578,1515,0.379,41.1,8283
2934,15530,0.691,22.4,44658
5535,5471,0.142,99.8,79386
1456,11165,1.021,14.4,22900
2529,5475,0.298,49.7,36394
3010,7453,0.31,50.7,46651
3786,11504,0.414,37.1,54541
597,1145,0.224,61.4,9380
170,719,0.614,23.5,2444
623,869,0.185,80.6,9633
1823,5675,0.394,39.9,27907
775,1477,0.249,63.2,11645
2467,3392,0.201,74.4,37453
547,598,0.154,90.0,8082
1673,1921,0.169,85.2,23957
279,487,0.22,64.7,4147
2556,7094,0.352,45.0,37513
1080,2054,0.254,55.3,16910
300,384,0.188,79.2,4443
415,513,0.174,89.0,6265
2589,14826,0.848,19.3,37401
870,2313,0.37,44.6,13211
316,451,0.205,79.9,4656
5706,14041,0.32,48.8,87982
2134,6237,0.394,39.9,32809
5567,14357,0.336,47.0,84561
694,1289,0.25,64.3,10633
834,1115,0.164,100.0,12829
4270,9978,0.273,54.4,67085
1074,3922,0.513,28.8,15598
2028,8736,0.604,24.7,31818
371,2849,1.121,13.8,5363
736,1386,0.262,60.3,11481
206,428,0.273,59.0,3241
300,1202,0.522,28.5,4476
133,202,0.201,72.6,2007
155,237,0.214,76.7,2332
6145,20533,0.426,33.3,91496
336,826,0.346,41.0,5161
1815,1999,0.158,99.1,26790
3553,8864,0.321,43.7,53288
1130,1516,0.187,78.5,17241
250,534,0.283,50.7,3640
2353,3253,0.172,81.4,34520
1380,2147,0.192,79.2,20933
2410,3396,0.209,70.1,34946
2822,3492,0.171,86.9,40626
6077,6662,0.149,94.5,90828
1221,2631,0.254,62.2,18858
528,1914,0.46,31.4,7611
1632,3704,0.317,45.9,25278
166,257,0.182,78.2,2614
4385,6781,0.216,68.6,66939
217,880,0.573,26.0,3190
501,3614,1.033,14.6,7211
3286,5343,0.23,71.5,48635
1441,5510,0.497,32.6,20694
596,1256,0.279,55.0,9328
812,1195,0.176,77.2,12746
3813,7866,0.253,60.6,56608
527,3178,0.787,17.5,7562
4004,17036,0.585,26.7,60053
179,725,0.493,29.7,2823
2706,10137,0.482,33.2,41762
3578,7808,0.268,60.9,55079
267,505,0.266,55.4,4073
685,2911,0.526,28.3,10769
265,1913,0.95,16.1,3821
2118,9252,0.554,25.4,31734
1101,1465,0.165,98.6,16239
1531,3104,0.284,52.2,24011
274,332,0.159,88.1,4313
307,416,0.183,86.4,4579
162,285,0.253,56.0,2352
471,641,0.189,73.6,7050
1236,4639,0.555,27.3,17865
3943,6571,0.216,72.0,57363
1734,6475,0.441,34.5,27171
710,917,0.182,84.9,10983
5637,30598,0.79,17.5,83243
2210,2957,0.188,79.6,33343
4966,29239,0.767,19.0,76094
1041,1532,0.184,89.3,15753
365,919,0.365,37.4,5506
170,263,0.209,68.9,2459
2192,4824,0.303,53.9,34247
209,673,0.383,43.0,3214
437,828,0.235,68.1,6537
1091,1260,0.144,95.3,16057
1228,9279,1.107,13.7,18195
1459,1658,0.159,92.7,20960
263,439,0.246,64.8,3832
592,744,0.165,82.7,8834
1448,3348,0.316,44.5,22367
5895,13361,0.285,52.5,88863
2341,2807,0.158,88.2,34455
5091,12330,0.329,47.3,73876
2750,5769,0.275,58.1,39446
1363,13375,1.321,11.8,20246
283,1234,0.611,24.3,4239
1722,3310,0.238,67.8,27146
1462,2334,0.187,74.5,22915
1359,2463,0.229,62.4,21115
865,4556,0.654,22.9,13588
1044,2348,0.273,50.1,15819
485,1219,0.329,42.0,7400
1030,2255,0.269,54.6,15251
289,373,0.185,88.3,4331
3140,4777,0.203,79.8,46665
275,1654,0.848,17.6,4136
181,213,0.155,90.1,2788
767,1377,0.268,52.5,11020
1678,2359,0.19,76.9,26270
771,3264,0.625,22.6,11084
386,556,0.195,70.4,5905
1185,4084,0.496,31.3,17756
497,1272,0.308,49.5,7772
4906,45306,1.248,11.5,76903
4891,24331,0.67,23.6,73888
974,5579,0.866,18.3,14273
469,1574,0.474,31.6,7212
2398,14003,0.726,19.0,35759
150,277,0.225,72.3,2308
844,8412,1.229,12.6,12812
517,794,0.217,65.6,7454
5059,23009,0.676,22.7,73281
139,149,0.155,95.1,2096
1128,1455,0.164,94.0,17387
2342,9515,0.493,30.3,36257
929,1649,0.229,65.3,13337
180,1678,1.255,12.5,2793
6170,7074,0.163,93.9,89786
998,1680,0.241,57.1,15174
1545,11496,0.986,13.9,22106
332,851,0.353,40.8,5046
870,5773,0.874,16.9,13258
724,1837,0.316,45.4,10718
186,309,0.22,70.3,2680
211,371,0.269,52.3,3029
3603,8368,0.351,44.5,52950
349,2062,0.763,20.7,5110
287,937,0.433,32.0,4288
985,6116,0.813,19.0,14416
2794,3734,0.198,82.7,40467
169,869,0.635,22.2,2548
1288,2570,0.255,63.6,19098
213,644,0.375,40.8,3188
154,562,0.503,30.3,2306
170,237,0.202,67.6,2458
3434,7487,0.308,51.1,52269
205,559,0.325,46.0,3172
158,275,0.247,63.4,2386
717,1505,0.294,54.2,11091
3620,10295,0.404,37.3,54318
387,697,0.237,60.3,5582
702,1112,0.198,70.3,10411
161,1399,1.127,12.4,2338
746,1819,0.31,51.9,11587
1328,9610,0.913,15.2,19159
1256,4666,0.547,26.8,18663
466,945,0.24,60.4,7341
464,619,0.183,88.0,6872
211,251,0.167,89.5,3035
536,3932,1.012,16.3,8398
198,440,0.329,47.7,2951
2786,4966,0.257,62.5,40128
5556,24325,0.594,23.2,87639
6007,8012,0.181,78.9,88952
3922,4952,0.181,77.0,58987
1377,1586,0.163,91.3,20977
2095,24266,1.454,10.8,31029
388,1571,0.475,29.5,6103
1612,2120,0.164,84.4,23587
753,1343,0.218,70.4,11889
861,1089,0.157,90.5,13181
2585,20401,0.986,15.1,38767
396,666,0.214,63.7,6025
453,851,0.254,61.2,6940
5128,39696,1.145,13.2,74467
173,324,0.275,56.2,2492
924,1577,0.221,64.9,13369
4750,19458,0.527,27.2,71096
1507,4960,0.46,34.6,21778
1178,1777,0.231,67.6,16957
350,740,0.292,52.1,5312
499,706,0.176,87.2,7660
3587,9488,0.338,40.8,56057
1186,4158,0.473,34.0,17828
1043,1155,0.16,98.6,14981
198,250,0.166,92.0,2952
144,1500,1.289,12.6,2129
5559,8269,0.176,79.4,86756
561,3091,0.781,19.9,8740
1406,13859,1.314,12.5,21177
190,549,0.417,34.6,2731
1903,5738,0.396,34.2,28948
5314,7355,0.188,83.7,76812
1219,1633,0.183,74.0,19013
220,283,0.164,98.3,3275
1311,1788,0.185,74.0,19469
2768,7143,0.324,47.6,40089
621,890,0.201,72.9,9806
4037,4137,0.141,100.0,62495
1639,2876,0.219,73.9,25300
4697,7018,0.2,78.6,67425
1475,1791,0.154,94.5,22926
212,1297,0.71,20.2,3342
449,706,0.214,73.4,6717
294,400,0.185,86.6,4404
4827,6180,0.163,95.9,70000
2728,10497,0.532,29.0,39167
1887,3506,0.256,55.4,28197
451,763,0.225,71.2,6491
280,1026,0.488,32.3,4108
2510,4356,0.235,64.0,38567
888,2778,0.453,33.2,12782
327,900,0.38,40.0,4837
1475,3279,0.321,49.7,22317
158,347,0.273,57.6,2341
472,1068,0.319,50.4,7164
801,1621,0.276,54.4,12505
243,765,0.417,36.9,3567
6481,32513,0.661,24.3,94173
309,2362,0.995,14.3,4531
216,871,0.537,27.6,3330
309,586,0.246,62.4,4434
2572,4111,0.201,80.8,40517
692,2801,0.537,25.2,10566
1188,6936,0.715,19.8,18266
138,188,0.183,77.4,2171
151,474,0.386,37.5,2288
772,864,0.15,95.6,11441
3378,5417,0.206,74.3,48809
4463,12303,0.41,39.4,63829
192,652,0.427,36.1,2807
1092,2122,0.249,57.1,16432
4853,34254,0.94,17.1,71216
629,3357,0.748,20.6,9123
3410,15354,0.548,25.8,51337
231,305,0.183,79.7,3374
5168,10953,0.282,56.2,77667
2492,28664,1.435,11.0,37816
5313,8203,0.216,70.6,79493
1914,3914,0.29,48.1,28221
565,1242,0.284,56.0,8287
5159,17907,0.493,29.3,78518
394,829,0.265,59.7,5877
509,591,0.157,98.1,7334
2166,13451,0.86,16.6,31022
2589,7508,0.398,35.6,39928
4902,17483,0.436,31.9,75868
302,1038,0.439,32.4,4456
2999,7166,0.317,44.1,45373
2283,3227,0.184,83.6,35958
168,202,0.166,92.2,2566
625,2586,0.541,28.2,9097
415,814,0.262,58.9,6045
438,733,0.237,67.3,6581
6219,14120,0.285,57.0,93546
1661,3848,0.289,49.1,24722
2147,8454,0.56,27.3,33139
6099,12251,0.255,53.9,91258
554,1407,0.301,46.1,8747
3063,4793,0.189,81.6,46060
717,985,0.19,78.7,10946
4071,20908,0.715,22.1,60026
274,1822,0.822,18.0,4054
5368,5665,0.151,91.7,81493
298,654,0.277,58.2,4706
465,565,0.158,87.2,7165
2602,18167,0.923,15.2,38528
595,1125,0.25,57.4,9332
1383,3299,0.282,58.5,21595
770,915,0.169,87.5,11385
2495,15014,0.799,18.8,36500
319,1219,0.5,31.6,4886
167,396,0.331,46.6,2513
450,552,0.182,87.9,6465
890,1104,0.158,94.5,12789
252,322,0.165,99.3,3859
550,674,0.165,96.3,8013
643,7051,1.396,10.5,9562
174,1174,1.024,14.3,2503
1303,7145,0.7,23.3,19590
4356,11148,0.376,41.4,63606
247,344,0.181,84.7,3621
1381,1680,0.175,90.3,20734
1849,8133,0.566,26.8,26940
671,1135,0.213,65.8,10314
1992,2370,0.156,92.6,31058
659,1421,0.293,51.7,9973
1002,4697,0.702,19.3,14401
137,321,0.289,51.2,2058
2022,4975,0.36,43.8,29939
1794,2983,0.226,62.0,26584
149,304,0.277,49.5,2324
556,6428,1.385,11.6,8446
6268,7231,0.154,99.5,92124
724,1148,0.238,58.9,10371
918,2227,0.302,52.6,14250
4644,6228,0.161,95.9,70303
2116,10194,0.604,24.0,33085
1266,5230,0.541,27.0,19496
2985,3669,0.169,82.7,45339
3937,12916,0.478,33.5,58825
775,1036,0.183,81.9,11947
832,2856,0.441,34.4,12829
620,5916,1.244,13.0,9055
6123,11314,0.24,56.5,87787
2002,8007,0.495,27.7,30584
188,229,0.179,78.2,2769
3805,6192,0.201,67.7,58502
911,1106,0.166,93.1,13106
177,248,0.191,80.5,2617
1179,4687,0.538,26.3,17178
651,784,0.17,82.0,10227
4173,5824,0.206,67.8,61986
296,520,0.233,70.2,4442
3311,4349,0.184,84.9,50718
1153,2213,0.247,61.6,17722
166,334,0.279,51.9,2476
6094,10651,0.22,67.3,89570
944,3028,0.374,36.8,14857
418,2133,0.624,26.4,6240
808,1630,0.241,65.5,12546
3685,15568,0.495,31.0,57346
444,3047,0.888,17.2,6592
277,3466,1.494,10.0,4249
219,375,0.22,64.7,3313
421,1133,0.333,42.6,6413
2861,3819,0.195,77.7,42296
841,2054,0.313,43.8,12656
339,675,0.255,53.7,4869
251,628,0.326,46.6,3831
501,817,0.237,68.6,7350
5142,15349,0.386,42.1,79055
510,557,0.14,96.7,7652
6397,7377,0.147,94.3,95460
874,1184,0.177,86.3,13348
267,328,0.173,92.8,4031
4258,11503,0.325,50.4,65320
767,1762,0.276,58.3,12110
2080,3099,0.202,76.8,32117
6380,9673,0.194,72.7,93826
166,179,0.152,90.2,2433
190,257,0.183,74.5,2919
2212,2760,0.154,99.8,33501
382,1064,0.329,41.4,6023
266,372,0.185,85.0,4112
159,225,0.215,72.8,2332
146,194,0.19,72.2,2178
2677,9233,0.412,39.3,41386
220,341,0.187,80.7,3383
857,1099,0.178,91.0,12464
1385,5615,0.546,29.7,21400
700,1090,0.213,66.3,10685
150,387,0.323,45.3,2223
2875,2903,0.14,99.1,42872
138,311,0.298,53.1,2083
2731,10127,0.491,30.5,39396
4268,11388,0.367,44.4,65876
742,1060,0.205,68.8,10874
1046,7294,0.924,16.8,16251
871,1705,0.256,64.3,12924
633,805,0.165,93.8,9168
4273,5146,0.158,86.5,64378
4501,29025,0.949,16.1,66038
511,519,0.141,99.4,7439
1425,1914,0.186,72.9,22182
5111,20321,0.59,24.6,75130
5988,56429,1.286,11.1,86206
983,4988,0.624,25.4,14646
759,1074,0.171,85.4,11758
381,4123,1.314,11.9,5950
5539,19460,0.437,31.0,85138
223,327,0.173,78.2,3496
1290,2198,0.217,62.7,19326
385,545,0.176,80.4,6040
386,549,0.19,77.2,5957
646,4723,1.053,14.6,9751
6617,8996,0.182,90.3,99528
166,643,0.479,30.4,2479
1308,2233,0.229,59.8,19228
175,268,0.207,68.0,2762
233,1212,0.643,25.2,3660
711,883,0.159,97.9,11164
974,2354,0.294,53.9,14732
350,2343,0.913,15.2,5504
471,529,0.147,94.4,6897
182,321,0.22,62.8,2810
455,791,0.22,72.9,6549
5841,10964,0.247,57.3,87737
5341,7842,0.181,85.1,80548
508,3887,1.159,13.0,7412
1270,3822,0.443,34.2,18659
4730,9169,0.269,52.3,70211
142,956,0.912,16.9,2048
3154,4374,0.185,73.5,47682
5615,13939,0.363,45.4,81711
188,572,0.393,34.5,2858
259,2524,1.325,10.3,3761
5580,8340,0.194,74.8,85764
1068,1414,0.188,85.0,16379
143,359,0.313,45.6,2114
354,684,0.245,60.8,5479
754,2462,0.445,30.5,11627
1966,3247,0.208,66.0,30078
2389,23434,1.381,11.1,35208
6803,12828,0.261,54.0,98224
417,683,0.229,68.0,6158
1130,1512,0.171,92.6,16422
1078,3205,0.362,44.3,16111
623,803,0.176,78.9,9777
248,408,0.233,63.8,3876
6137,7557,0.175,93.4,91558
3691,9890,0.345,45.9,56336
910,2349,0.358,38.7,14050
1407,1879,0.167,89.8,21179
329,2692,1.127,14.4,4865
1106,5707,0.665,22.3,16784
2082,13815,0.919,17.4,30322
1024,1415,0.175,85.9,15006
6568,55081,1.262,11.0,96270
1528,1820,0.159,87.5,21861
557,1185,0.269,50.6,8536
2773,28707,1.359,10.4,41010
268,671,0.351,46.1,3896
604,2342,0.576,26.8,9001
533,957,0.237,66.2,7771
715,1246,0.216,71.1,10830
2864,5312,0.272,53.9,42584
846,6811,1.037,13.6,13293
3122,4909,0.236,69.1,44672
1309,1709,0.175,85.8,19075
527,804,0.2,74.8,7624
3231,4782,0.195,84.7,47550
328,1278,0.522,28.0,5080
305,398,0.178,90.0,4811
994,3143,0.413,39.0,14393
366,3391,1.267,11.2,5548
134,150,0.16,85.9,2072
1694,2220,0.173,94.8,25262
976,1501,0.214,69.0,14769
773,2674,0.438,30.8,11427
5849,18738,0.459,32.7,87878
1270,2723,0.295,52.0,18684
4045,4855,0.174,90.8,58610
223,1246,0.696,23.5,3451
1214,1802,0.193,84.3,18539
3952,14225,0.451,36.2,59662
1365,1594,0.164,82.8,19575
2182,2517,0.168,92.8,33182
564,1182,0.292,48.5,8572
194,518,0.328,42.9,2871
793,1138,0.193,82.2,11994
652,1226,0.256,57.7,9359
4119,7292,0.227,71.6,59448
346,484,0.206,66.1,5194
5937,30326,0.669,23.8,87797
5409,6572,0.162,86.0,84894
358,1279,0.508,27.6,5269
531,586,0.159,93.9,7804
4368,15960,0.451,32.6,66458
5686,8411,0.197,76.0,87759
787,2371,0.458,35.6,11334
464,1293,0.401,38.6,7020
1060,2760,0.379,37.9,15662
1873,2886,0.181,77.3,29480
385,705,0.246,60.1,5829
2453,3207,0.166,89.5,35667
161,528,0.406,37.7,2447
163,256,0.198,72.3,2425
586,881,0.203,77.8,9064
527,2220,0.584,23.6,7972
477,1146,0.33,46.1,6875
916,1930,0.288,53.5,13653
486,1180,0.336,42.0,7013
294,791,0.41,39.0,4242
467,785,0.214,71.8,6711
6282,21675,0.525,29.4,90649
632,948,0.203,73.8,9988
792,1016,0.172,94.2,11391
1225,2273,0.256,60.9,19079
5958,9720,0.225,65.0,93690
327,2101,0.877,16.2,5146
1887,2047,0.156,87.8,28741
2221,6133,0.392,35.7,32920
1420,2588,0.252,65.4,21520
179,212,0.15,98.1,2828
1878,3553,0.255,63.6,28249
170,238,0.186,75.2,2569
1408,3109,0.295,50.1,20599
2353,18130,1.061,15.4,36104
295,356,0.168,81.8,4565
3500,33640,1.162,13.1,53817
147,257,0.223,73.1,2252
3654,33551,1.355,12.1,54280
804,1210,0.183,87.6,12109
307,1616,0.664,24.2,4684
222,431,0.275,56.3,3375
5481,10121,0.222,63.7,83304
185,396,0.307,51.2,2657
282,965,0.404,40.7,4357
536,1038,0.289,52.1,7797
1540,3961,0.376,38.0,22635
1067,2676,0.308,49.4,16851
228,544,0.368,42.3,3269
424,650,0.232,61.0,6212
345,1342,0.498,31.4,5089
304,331,0.154,99.0,4611
669,1507,0.278,55.1,9989
2042,8121,0.525,27.5,31416
297,663,0.264,52.9,4682
578,721,0.175,88.0,8394
639,5921,1.276,12.0,9229
5874,8959,0.204,71.2,91201
5743,10477,0.243,59.3,83748
3123,12691,0.576,25.3,45755
332,435,0.179,83.6,5147
172,454,0.38,43.2,2609
457,1364,0.433,36.4,6909
388,518,0.19,84.5,5679
997,1686,0.223,67.5,14473
2681,3273,0.166,90.8,41914
3854,5834,0.212,66.7,57450
3728,6018,0.204,76.7,54504
560,726,0.173,85.3,8167
1892,16799,1.054,14.9,29418
454,678,0.184,79.8,6800
175,245,0.212,65.2,2538
2036,14637,0.862,16.3,31114
137,270,0.286,55.8,2078
681,4407,0.819,17.4,9913
463,686,0.187,76.2,7254
2081,4174,0.275,59.2,30134
2621,3373,0.161,95.8,40073
416,1847,0.523,26.5,6571
3105,5285,0.216,64.5,47858
403,1533,0.493,29.0,6315
733,1237,0.234,65.3,11463
2335,3817,0.21,75.0,34372
1947,2658,0.191,75.0,30080
6621,9614,0.193,83.4,95178
322,386,0.159,86.8,4825
1771,10860,0.833,17.0,26686
1438,4456,0.401,40.9,21720
4874,7320,0.194,71.8,71738
244,590,0.295,54.9,3687
2430,10371,0.575,27.2,37871
1278,2310,0.23,59.7,18471
387,1024,0.32,46.7,5857
816,2269,0.334,45.1,12796
493,781,0.197,82.9,7380
1304,3167,0.316,46.7,19287
4221,35243,1.199,12.4,64776
1273,8554,0.909,15.2,18546
1605,2199,0.177,87.1,23675
1029,1213,0.147,96.5,15218
161,236,0.191,72.0,2443
346,1014,0.385,42.8,4973
893,1080,0.151,94.5,13706
452,643,0.2,69.7,6731
266,343,0.181,86.0,4072
981,1526,0.202,78.9,14372
450,1038,0.31,44.1,7070
349,677,0.26,53.1,5489
844,3252,0.515,26.8,12283
223,669,0.376,36.3,3368
4945,7409,0.193,80.0,75377
4015,5415,0.169,90.5,59597
2166,3091,0.206,75.2,31860
195,416,0.29,51.9,3030
2686,19172,0.897,17.8,41612
3289,25166,1.001,15.1,47176
2711,7558,0.372,43.7,40312
205,407,0.289,51.7,3123
1705,3147,0.245,64.8,24831
3495,38656,1.391,10.6,52302
1243,1366,0.149,99.1,19139
1622,4286,0.375,42.8,25075
792,965,0.16,86.3,12016
1092,1878,0.261,58.1,15822
145,811,0.721,21.7,2287
1578,2119,0.193,81.8,24356
190,268,0.207,73.9,2750
703,1384,0.258,57.5,10967
424,735,0.254,56.3,6284
1093,7077,0.908,17.9,16892
227,380,0.212,69.0,3370
1972,2348,0.173,92.0,29930
2870,17201,0.739,18.4,44846
254,847,0.421,33.7,3789
204,221,0.159,91.2,3007
239,723,0.436,35.6,3533
4178,6675,0.21,68.9,61836
1052,1782,0.234,58.1,15790
831,1363,0.22,63.7,12442
205,487,0.301,47.4,3036
1724,4464,0.379,37.0,25386
4039,30001,0.982,14.4,59667
3433,5705,0.205,77.0,51061
1490,2015,0.191,77.1,23156
173,256,0.209,70.4,2684
202,378,0.241,67.9,3104
168,615,0.465,31.9,2425
374,3504,1.356,12.0,5476
227,285,0.174,82.8,3400
359,689,0.271,54.2,5531
577,1712,0.391,37.6,9020
5546,28705,0.79,19.2,80007
1508,10381,0.975,15.6,21779
3359,9121,0.344,41.4,52435
2210,3396,0.193,82.4,32202
205,267,0.162,92.7,3105
2330,2823,0.149,90.7,35590
400,456,0.165,92.8,5866
1643,1937,0.173,91.7,24369
520,960,0.248,57.5,7591
6325,22770,0.458,29.7,99093
367,547,0.195,81.8,5607
390,1543,0.562,29.2,5960
4996,15353,0.403,34.0,76245
146,539,0.526,31.0,2202
1990,3887,0.259,56.3,30526
2263,6526,0.419,39.0,34145
3468,18273,0.647,23.9,52724
6174,13003,0.318,50.8,90484
6122,8843,0.179,88.7,90896
174,306,0.221,61.3,2581
3224,4023,0.154,89.1,49809
1641,7499,0.546,27.6,25066
1597,6360,0.555,25.0,25167
211,409,0.241,61.8,3304
1656,4308,0.317,51.7,25449
5954,8952,0.207,69.4,93376
4770,6612,0.184,81.5,70824
780,1029,0.189,77.6,11145
149,187,0.162,94.8,2338
567,1371,0.307,45.8,8251
3251,12767,0.5,28.6,50704
2109,3855,0.27,59.6,31106
815,5233,0.798,20.0,12062
172,512,0.441,36.0,2481
680,3155,0.551,28.7,10624
819,2231,0.326,45.7,12528
4834,31880,0.784,20.0,75616
1622,14489,1.14,12.9,24559
469,708,0.2,69.1,6768
1070,1835,0.226,64.9,15614
176,243,0.189,73.8,2589
6008,9062,0.211,69.4,89824
566,2776,0.709,20.3,8180
860,2867,0.423,36.2,12969
516,2771,0.673,21.7,8028
1990,2670,0.182,85.9,28879
1739,2676,0.195,77.2,26677
2091,10007,0.578,28.1,32835
366,1013,0.338,40.7,5709
463,508,0.16,97.0,6876
219,388,0.244,63.5,3264
1690,2465,0.199,82.1,25984
159,508,0.432,33.8,2336
1419,4714,0.499,28.9,20724
4172,5500,0.174,80.6,60064
4386,5989,0.199,71.7,65241
793,1163,0.21,71.3,11585
824,1707,0.268,59.7,12060
175,290,0.236,60.7,2702
1803,2609,0.183,76.2,27582
3305,11251,0.417,34.3,49696
330,881,0.331,41.7,5208
678,997,0.184,88.4,10394
3539,12013,0.426,37.8,53234
3960,7119,0.244,59.2,61834
332,511,0.194,73.2,5178
1144,1344,0.162,100.0,17235
289,553,0.275,49.2,4246
205,440,0.315,48.5,2979
4730,6799,0.189,85.8,70631
3295,4778,0.182,82.5,49550
2577,3747,0.178,75.8,39111
156,326,0.274,51.7,2420
3489,10985,0.415,39.2,54262
761,1204,0.209,64.8,11098
507,666,0.165,88.9,7633
1163,1428,0.177,89.5,16961
194,1111,0.81,19.8,2859
2494,5975,0.308,48.6,38596
1302,2644,0.274,51.8,19524
275,337,0.156,98.0,4149
276,420,0.201,71.0,4176
275,579,0.306,46.7,4112
174,1504,1.29,12.3,2499
1370,2469,0.229,60.9,19938
3714,18350,0.725,18.6,53549
136,166,0.171,85.1,2141
155,244,0.193,77.7,2422
1201,2958,0.304,51.4,18799
3212,8200,0.326,48.6,49354
475,613,0.171,90.8,7180
530,1836,0.428,36.0,7852
1374,4553,0.478,32.4,20616
405,443,0.151,94.5,5846
154,198,0.177,82.8,2219
2286,2938,0.183,83.9,35494
1595,5642,0.497,27.6,23120
1290,6437,0.628,22.9,19396
2415,21580,1.193,12.3,36402
1924,7271,0.482,31.3,28068
286,432,0.188,79.7,4475
549,2071,0.495,31.6,7941
222,342,0.197,75.6,3275
229,855,0.496,32.7,3323
1971,4751,0.321,45.6,28175
3841,4574,0.153,98.5,57512
5527,18410,0.422,32.0,86433
1505,3893,0.329,43.9,23365
269,836,0.434,37.1,4109
193,1175,0.73,19.9,3023
3306,6100,0.264,54.1,48088
1256,3326,0.343,44.1,19245
1568,2020,0.189,72.5,22463
2892,3990,0.181,83.6,42531
2020,4190,0.244,59.0,31323
3480,31513,1.136,12.9,52329
165,308,0.242,65.7,2491
2481,19503,1.033,15.0,37243
3733,6309,0.227,65.5,55796
389,612,0.213,71.7,6125
1663,6750,0.568,27.8,24498
455,630,0.188,83.7,6835
5820,7057,0.153,92.0,84838
156,194,0.173,83.2,2279
1253,3816,0.388,37.5,19323
244,465,0.224,62.8,3836
2206,2386,0.147,92.3,32439
277,682,0.361,38.9,3979
333,465,0.19,83.8,5022
900,9407,1.395,10.9,13834
4613,52556,1.406,10.3,71665
298,429,0.196,78.4,4578
230,368,0.2,78.5,3516
2576,3773,0.18,81.0,38950
959,1090,0.159,93.7,14176
4613,21806,0.664,20.6,70815
225,903,0.495,30.9,3549
1647,1940,0.16,91.3,25028
343,1427,0.57,26.0,4973
246,392,0.207,71.4,3692
2022,3793,0.267,57.7,28983
1360,9631,0.87,17.5,20402
2497,7772,0.414,35.7,38322
433,769,0.238,56.8,6711
784,1100,0.177,86.7,11537
653,992,0.219,73.7,9770
6329,10412,0.24,66.0,93965
428,1026,0.301,54.6,6274
432,1126,0.377,36.9,6337
509,2543,0.683,20.7,8005
1250,2960,0.323,46.8,18207
358,2758,1.131,12.6,5366
4734,17245,0.469,29.0,71792
378,841,0.301,48.9,5654
4484,10302,0.301,47.7,66526
192,1465,1.022,14.0,2997
1725,3661,0.26,63.0,26092
4557,7924,0.239,59.5,69497
254,1621,0.816,17.0,3870
5649,7034,0.146,94.9,88346
757,4843,0.84,18.9,11761
5208,6783,0.18,86.9,80867
1859,17870,1.385,10.0,28244
450,563,0.158,89.4,6507
270,2940,1.337,11.8,4177
433,651,0.183,78.2,6562
188,578,0.386,42.6,2877
240,336,0.198,76.4,3511
191,424,0.305,46.2,3011
676,5574,0.981,16.4,10461
2909,4100,0.183,79.1,44946
243,1490,0.875,16.4,3477
223,263,0.156,93.0,3329
1592,12370,1.083,14.6,24785
281,548,0.264,53.1,4325
188,293,0.195,75.1,2929
246,529,0.299,45.4,3841
5093,18599,0.541,29.6,74203
3314,4621,0.185,78.3,49737
539,723,0.177,80.6,7990
1705,1997,0.164,93.0,26016
1096,2640,0.356,43.9,16362
1839,4427,0.287,55.6,28277
1889,4458,0.341,42.7,28898
1583,5066,0.481,33.1,23400
364,524,0.192,77.6,5664
157,374,0.34,40.6,2329
820,1992,0.33,48.5,11885
4186,11508,0.327,46.3,65278
1286,1908,0.206,74.1,18560
3315,4821,0.176,92.6,51908
6354,11348,0.217,70.0,96776
255,458,0.258,52.4,3793
2008,3003,0.201,80.1,29946
1789,3049,0.212,67.7,27966
6348,43374,0.971,15.5,92458
6599,37564,0.758,18.6,94522
1894,16394,1.073,13.4,29354
359,777,0.304,51.1,5187
3048,3658,0.175,84.3,45472
211,552,0.403,38.2,3039
2735,7398,0.358,44.6,42404
4828,5098,0.158,91.9,70376
569,841,0.178,85.3,8942
1631,2583,0.227,69.9,23575
729,2557,0.46,34.0,10760
729,3956,0.736,20.5,11086
435,4565,1.28,11.4,6735
2712,15935,0.75,19.6,39433
5247,16937,0.407,36.3,77905
5213,9638,0.244,59.7,79311
262,1797,0.99,15.8,3962
4217,18604,0.623,22.3,61262
2348,10996,0.624,26.3,35801
343,695,0.237,66.9,5377
180,290,0.22,65.4,2602
376,671,0.229,59.6,5706
4657,17998,0.48,32.5,70932
1540,4366,0.362,43.4,23811
2327,15004,0.876,18.7,33579
354,1218,0.469,30.4,5469
2254,2303,0.151,90.8,33361
154,192,0.165,98.2,2232
551,970,0.209,68.3,8683
1598,1931,0.169,92.5,23220
234,360,0.202,67.8,3541
3388,29228,1.215,13.0,50036
330,345,0.139,99.7,5015
1744,9961,0.824,18.9,25658
634,1084,0.211,71.4,9759
1307,5136,0.5,32.8,20591
212,461,0.301,45.3,3044
135,204,0.211,68.1,2136
4831,10002,0.278,49.3,70202
370,1338,0.496,32.5,5742
3257,9191,0.381,40.1,49389
6864,18168,0.371,40.7,99746
295,326,0.144,96.3,4573
389,487,0.183,81.9,5643
1782,4101,0.287,51.3,26742
5745,22224,0.516,28.0,87357
4873,7008,0.191,83.0,71940
938,4144,0.567,24.1,14302
2945,12223,0.533,28.9,44864
232,639,0.372,42.9,3401
5987,8858,0.182,89.2,91552
5625,33267,0.72,21.9,86983
260,1274,0.683,21.0,3794
443,931,0.281,54.5,6452
197,543,0.399,34.9,2959
387,601,0.226,61.2,5789
3308,7378,0.304,50.6,48675
586,1549,0.327,49.1,8785
186,993,0.682,20.1,2826
533,2401,0.609,22.7,7628
5979,7844,0.181,83.9,92975
1580,1835,0.158,89.7,23487
705,2460,0.493,31.1,10187
260,1418,0.7,20.2,3836
6556,41094,0.935,14.8,94735
3253,5845,0.234,64.7,49616
391,703,0.216,74.4,6015
181,506,0.357,43.6,2630
164,299,0.224,71.2,2495
218,301,0.193,74.2,3202
1247,1810,0.172,94.2,19397
5174,37088,0.924,15.8,75678
935,4393,0.588,27.3,13963
3522,27108,0.922,16.2,54096
762,1009,0.162,88.1,11444
2174,2661,0.176,81.3,31981
2221,3993,0.246,61.7,35031
266,1606,0.784,17.5,3949
550,1958,0.471,34.6,8217
1568,4544,0.389,36.8,24198
180,328,0.24,60.5,2637
537,1604,0.427,33.2,8227
1056,6008,0.815,16.6,16204
6550,9833,0.206,75.8,98533
868,2485,0.414,36.9,12801
3385,7981,0.314,50.7,48695
696,3744,0.634,21.5,10841
2974,4609,0.198,82.2,45089
1310,2519,0.238,60.9,20541
4388,5152,0.178,91.1,64169
661,1266,0.253,54.6,9981
1447,1878,0.166,94.7,21267
1540,2046,0.169,90.3,23518
705,1139,0.236,61.9,10236
235,274,0.146,94.1,3517
200,617,0.392,39.1,2883
136,322,0.316,42.9,2134
4070,30555,1.065,14.1,60973
345,592,0.243,63.0,5044
308,437,0.209,75.0,4574
2260,3958,0.207,79.6,35606
488,2309,0.608,23.5,6994
945,2151,0.289,50.0,14480
245,1114,0.56,25.9,3776
5687,9958,0.226,69.6,85429
3746,18365,0.673,24.2,55955
4017,5413,0.18,91.4,58692
647,2783,0.531,30.8,9820
2615,9336,0.445,36.2,39469
234,306,0.19,86.6,3511
136,292,0.285,51.3,2068
150,1423,1.344,12.2,2162
1369,3017,0.29,54.5,19844
788,4724,0.795,17.6,11877
961,1016,0.138,98.7,15174
142,240,0.225,62.9,2059
670,2487,0.479,33.1,10451
2156,4001,0.253,60.7,33189
727,5103,0.838,16.9,11301
2263,3103,0.192,82.0,35079
341,335,0.149,93.3,4976
3235,4024,0.18,88.7,48143
1393,3632,0.39,40.8,19987
295,959,0.418,39.3,4561
336,2743,1.06,13.2,5049
1630,2729,0.236,68.6,23336
3539,6041,0.25,58.1,51412
693,1352,0.287,51.3,10166
354,445,0.163,91.7,5493
4069,18442,0.613,25.1,59436
1800,19977,1.516,10.9,27421
771,5022,0.922,16.6,11542
909,3341,0.541,30.1,13488
299,2209,1.098,13.0,4446
1583,2844,0.266,55.3,23224
551,1673,0.392,38.3,8138
6271,26255,0.551,26.2,98310
868,1256,0.212,77.5,13087
906,3699,0.552,28.4,13382
1194,1914,0.208,71.9,18297
4723,13531,0.38,41.4,72205
2943,5622,0.266,56.1,45877
772,884,0.144,94.0,11681
2326,19549,1.132,13.4,33271
1292,2710,0.279,55.0,19816
917,1267,0.189,86.9,13726
289,427,0.217,62.9,4243
778,2778,0.431,34.9,12281
362,803,0.301,45.8,5232
4723,6435,0.196,71.2,71667
513,616,0.17,90.2,7428
5276,46463,1.036,13.7,82965
1034,7635,0.958,16.4,16094
1549,4374,0.383,39.3,23659
1098,3935,0.457,31.0,16728
228,690,0.443,33.8,3317
551,1972,0.451,29.9,8700
199,887,0.582,27.6,2947
1468,7623,0.622,21.8,22877
790,857,0.144,94.1,11488
2875,13677,0.667,23.0,41956
315,1443,0.578,28.4,4738
246,1026,0.5,32.2,3807
662,740,0.152,94.0,9803
4830,6104,0.181,78.0,75036
2080,3287,0.19,81.1,32211
695,3948,0.822,19.4,10298
1058,1197,0.171,85.3,15130
192,423,0.317,46.7,2780
6334,18902,0.411,33.7,94144
1814,3244,0.226,61.8,27116
427,540,0.181,84.0,6108
1325,1551,0.172,80.1,19783
202,246,0.157,90.1,3069
6071,6870,0.152,93.5,87489
257,993,0.472,31.4,3962
1614,3501,0.283,48.1,25235
352,3175,1.325,11.3,5224
2119,3058,0.183,89.1,33124
2749,10955,0.568,23.9,41766
1843,2213,0.176,87.5,27870
1482,4717,0.404,39.6,22133
4592,10776,0.335,43.1,65661
176,1404,1.028,13.5,2720
480,1302,0.346,39.4,7298
339,444,0.172,90.0,5282
6429,53515,1.232,12.3,95419
625,1328,0.305,46.6,9174
2338,20567,1.247,12.8,35133
1892,5776,0.362,43.4,29131
309,1347,0.561,25.5,4585
340,1215,0.482,32.7,5094
387,438,0.16,89.0,6010
659,1453,0.315,49.2,9989
331,1062,0.4,34.6,5001
150,290,0.247,63.0,2159
4304,17634,0.624,22.8,62386
5964,21582,0.456,33.3,87412
527,879,0.237,59.2,7609
513,1770,0.5,31.4,7518
142,182,0.192,71.1,2056
1823,3894,0.258,54.2,28625
3352,4437,0.177,79.5,50515
242,270,0.143,95.3,3549
251,1360,0.77,20.4,3735
2837,9336,0.41,40.1,43990
1462,4205,0.409,38.8,22288
156,745,0.681,23.6,2383
1486,1725,0.163,82.9,22841
439,628,0.177,78.4,6696
564,1235,0.283,53.6,8462
2804,5333,0.281,58.4,40623
3258,23501,1.008,15.4,47729
659,1228,0.244,60.0,9576
5629,6678,0.172,81.2,81323
648,1204,0.226,61.6,9808
2688,9550,0.431,33.9,40959
846,1497,0.223,70.1,13277
4657,10986,0.32,42.5,66974
4445,9769,0.272,59.0,69709
192,405,0.303,53.9,2815
5136,13847,0.365,44.3,78001
3520,5092,0.217,74.7,50534
2923,3627,0.151,89.5,44202
301,3598,1.57,10.5,4389
3042,3293,0.155,94.0,46655
3634,8075,0.287,56.0,55639
417,577,0.192,73.1,6198
5806,7521,0.171,87.0,82964
162,308,0.262,52.0,2430
250,295,0.16,85.1,3595
1123,4803,0.628,26.0,16381
1305,6302,0.655,24.3,19023
1652,2609,0.218,69.2,24952
140,170,0.171,88.3,2137
5533,7643,0.174,90.3,85637
166,261,0.214,67.9,2381
244,528,0.276,57.3,3500
144,410,0.376,39.8,2112
1199,1446,0.157,98.2,18369
4984,17559,0.423,38.8,76722
1892,2794,0.194,77.0,27067
3186,6431,0.255,57.9,49968
145,264,0.25,64.8,2106
1095,3237,0.357,45.4,16668
798,1051,0.17,96.8,12072
970,1810,0.247,61.5,14085
169,187,0.154,94.4,2652
1911,20212,1.331,10.7,29098
997,1508,0.221,61.5,14321
2713,3873,0.21,74.5,39902
912,1316,0.184,77.1,13351
245,312,0.168,91.4,3587
1609,19374,1.563,10.4,25258
253,3155,1.63,10.0,3925
4043,7338,0.257,52.5,60701
1448,11352,1.144,12.6,22013
244,293,0.164,97.7,3699
5915,20213,0.504,30.0,86300
963,2266,0.303,52.5,15195
180,1469,1.036,15.5,2660
1471,2789,0.26,57.0,23227
343,815,0.33,44.2,5385
3064,26577,1.06,14.0,46396
3380,9899,0.385,40.2,49032
5921,13536,0.323,45.2,92094
954,1041,0.16,99.1,14245
804,3471,0.565,28.7,11857
2472,4512,0.243,59.0,38120
224,290,0.166,98.9,3358
1179,1575,0.189,81.3,16991
1131,1504,0.162,99.4,16946
182,209,0.142,97.1,2838
692,1230,0.264,54.1,10260
3789,5415,0.199,72.7,56329
3618,20843,0.723,19.9,56965
188,385,0.282,49.7,2948
183,249,0.194,82.8,2852
359,680,0.266,55.5,5589
3986,6888,0.224,73.2,61267
219,336,0.198,77.1,3311
2200,6513,0.424,32.8,33441
205,261,0.17,88.8,2971
1543,3757,0.321,51.4,22894
557,2302,0.525,28.9,8053
2927,3593,0.154,87.9,43789
318,929,0.342,47.6,4989
1619,2441,0.183,77.5,24378
346,651,0.262,59.3,5028
2108,5517,0.339,44.4,32622
3900,5094,0.175,82.9,61007
215,377,0.229,62.6,3284
3912,9954,0.361,45.2,59340
1333,8620,0.817,19.9,20393
211,247,0.166,90.6,3288
692,5458,1.082,13.2,10651
254,278,0.157,87.7,3752
2040,5548,0.33,42.4,30967
2629,4034,0.223,67.5,38933
202,252,0.155,93.0,3025
970,3859,0.576,23.7,14485
3147,6075,0.244,61.0,48423
5204,7499,0.2,78.8,77900
946,1485,0.207,78.2,14910
5450,12049,0.266,57.3,82323
1091,1818,0.237,66.2,16261
603,820,0.187,78.2,9348
3591,4915,0.175,85.7,55220
891,1439,0.2,78.6,13759
808,2602,0.375,41.9,12670
893,1049,0.148,99.7,13616
3836,8565,0.308,49.1,54915
3404,33922,1.334,12.2,51817
643,1783,0.361,42.6,9696
498,2696,0.718,21.5,7367
927,4896,0.757,20.9,13702
1309,3809,0.392,35.3,18799
350,2433,1.018,14.8,5081
3064,5071,0.228,72.0,44661
934,5589,0.876,16.7,13413
479,1807,0.508,28.3,7388
204,1294,0.833,18.4,3037
352,2098,0.903,15.7,5091
5534,16458,0.445,34.1,82003
460,694,0.227,61.5,6597
247,284,0.157,96.8,3871
803,981,0.172,88.8,12125
464,582,0.166,88.8,6649
151,643,0.567,25.8,2294
483,1480,0.421,33.8,7080
1067,7424,0.859,16.9,16805
1176,1695,0.187,80.1,17313
561,3178,0.875,16.3,8068
758,1625,0.264,60.1,11507
5546,23196,0.484,32.3,87380
555,1813,0.448,31.9,8752
380,393,0.139,99.2,5492
353,403,0.173,78.1,5184
767,977,0.179,85.3,11988
2486,4293,0.23,61.5,39033
307,366,0.153,88.4,4477
2204,3537,0.214,68.1,32070
139,185,0.172,95.2,2172
672,2242,0.441,35.3,10298
2851,5224,0.253,63.6,41610
502,699,0.193,72.1,7525
1265,2951,0.302,45.4,18146
296,343,0.152,89.2,4459
2472,3028,0.167,98.2,36446
163,322,0.265,54.4,2453
3910,10059,0.329,45.2,56166
286,634,0.28,52.5,4342
3968,5140,0.181,86.7,61179
520,830,0.212,68.1,7942
2332,17424,1.077,14.0,33794
464,1072,0.28,58.8,6972
4546,43658,1.283,11.6,69206
219,283,0.189,80.1,3282
258,749,0.379,39.5,4020
872,2011,0.303,52.5,13761
179,245,0.175,81.9,2755
290,2010,0.988,14.2,4305
5463,23643,0.649,24.3,80252
6279,13492,0.322,45.8,91212
605,2205,0.529,30.7,8715
4894,13714,0.382,40.4,74073
1150,1368,0.152,99.8,16852
366,445,0.163,84.3,5745
1989,2478,0.175,89.6,31216
1689,2293,0.165,94.3,26332
6356,19501,0.379,40.7,95835
365,1096,0.389,36.7,5640
1808,6977,0.526,31.1,27722
165,220,0.171,84.7,2451
205,275,0.196,71.2,3119
136,580,0.527,31.3,2030
6594,19182,0.358,43.9,99789
2974,6172,0.265,55.6,46139
2771,5879,0.283,57.5,43415
953,1019,0.153,90.0,14690
412,1106,0.311,44.3,6468
243,322,0.169,91.8,3614
418,831,0.282,49.7,6090
571,828,0.211,77.2,8705
2540,3386,0.171,93.7,38545
1135,1425,0.157,91.7,16515
175,1507,1.069,15.1,2708
137,470,0.478,28.5,2146
198,418,0.286,52.9,2984
674,1533,0.334,48.8,9964
5184,9892,0.237,67.7,77001
1648,1792,0.153,95.0,24207
2934,16833,0.698,20.1,46058
820,1585,0.279,50.7,12398
534,2098,0.551,27.3,8231
209,267,0.169,90.5,3056
4256,4619,0.14,96.8,61547
2791,5589,0.278,53.1,42814
246,1568,0.826,19.4,3860
964,1396,0.184,80.7,14836
861,1372,0.193,72.7,13460
1510,4618,0.39,41.9,23069
5421,5923,0.159,89.9,81016
1349,1583,0.162,97.8,19321
1092,2084,0.234,60.2,16551
157,316,0.242,60.9,2435
164,529,0.407,36.8,2558
268,548,0.24,62.6,4162
146,317,0.304,49.6,2270
2506,6951,0.381,37.2,36640
2159,16759,0.938,16.0,33880
238,721,0.456,32.7,3405
3518,14641,0.508,27.8,52662
245,498,0.28,58.8,3664
426,790,0.251,64.2,6497
359,622,0.25,64.8,5297
570,1422,0.346,44.9,8581
354,802,0.292,47.9,5416
881,1193,0.179,85.1,13543
684,1395,0.302,52.9,9844
6193,6935,0.138,98.9,94881
164,343,0.302,49.6,2489
229,399,0.215,68.5,3488
157,1142,0.973,14.5,2459
1494,2458,0.213,68.8,23137
159,229,0.19,86.6,2475
3583,4419,0.165,94.8,52737
978,1132,0.144,99.8,14818
1077,3733,0.433,35.4,15718
1224,1993,0.23,61.8,17995
252,597,0.303,50.6,3901
290,573,0.267,60.7,4334
475,2402,0.628,24.2,6961
1377,1952,0.18,87.1,20387
306,360,0.162,91.9,4550
215,468,0.299,50.5,3152
5668,18674,0.442,35.2,88967
148,805,0.703,22.7,2179
3010,5344,0.216,71.5,46215
2930,10285,0.431,38.1,43639
415,563,0.174,91.9,6397
234,395,0.225,70.4,3399
235,411,0.235,68.1,3535
2070,3717,0.238,60.3,30615
1696,12562,1.048,14.1,24725
2962,3623,0.162,93.9,42745
5341,7926,0.224,66.5,78303
1927,2188,0.161,99.5,29963
254,446,0.233,58.4,3679
349,538,0.191,73.9,5183
3635,29678,1.072,15.1,53937
315,484,0.205,66.9,4535
172,254,0.18,78.8,2656
2033,2768,0.182,80.1,31324
644,883,0.199,79.3,9658
4998,19865,0.5,30.4,73139
1688,2316,0.167,97.8,25456
192,200,0.142,99.6,2848
5410,36893,0.959,16.8,81547
370,451,0.152,94.3,5499
514,1538,0.395,36.1,7480
622,905,0.208,72.0,9648
166,381,0.339,40.4,2443
956,1154,0.151,97.1,13950
214,1119,0.761,19.1,3239
628,1171,0.255,54.8,9599
500,1319,0.331,48.5,7886
2822,7176,0.373,39.3,41120
3033,5291,0.242,68.1,46301
239,1314,0.743,21.8,3644
550,756,0.189,74.5,8390
574,698,0.153,98.3,8616
245,335,0.186,82.4,3616
3112,3965,0.183,87.4,45454
2098,5839,0.381,42.4,31811
285,749,0.392,39.2,4211
572,919,0.241,56.5,8396
197,1671,1.059,14.1,3025
1494,1830,0.17,95.1,23352
222,1090,0.682,22.9,3215
6421,8925,0.177,91.3,94646
2868,18286,0.886,17.5,42401
586,723,0.162,84.0,9205
1322,7158,0.693,23.7,19230
4743,45894,1.21,13.4,70692
1205,1745,0.186,74.8,17475
276,788,0.393,35.2,3958
613,976,0.203,74.3,8799
3737,7574,0.263,60.0,54138
1576,9043,0.74,19.8,24861
1765,1937,0.148,93.9,25502
3791,8137,0.296,50.7,59392
4557,6362,0.191,76.1,66048
4764,9195,0.264,55.1,73068
195,332,0.24,64.4,2898
1068,3372,0.434,37.2,16806
2481,9530,0.541,28.0,36235
2475,5091,0.265,58.8,38639
1418,3416,0.312,49.6,21469
264,619,0.336,45.1,3840
3077,4902,0.205,70.5,45271
2120,3407,0.203,72.1,33456
184,1471,1.022,14.1,2801
780,2354,0.401,40.5,12275
267,712,0.34,47.1,3950
522,3123,0.814,18.7,7488
145,598,0.52,31.2,2146
620,4922,1.103,14.6,9575
1129,1370,0.163,99.7,17189
1576,1933,0.186,76.3,22577
1737,11072,0.876,17.9,26808
3535,33446,1.296,11.8,52706
306,526,0.21,74.7,4646
219,467,0.289,49.5,3204
3866,5211,0.193,80.8,55945
242,306,0.158,93.1,3690
6136,10248,0.25,63.9,90597
3618,15568,0.592,26.8,54010
925,1272,0.176,80.4,14190
6057,6917,0.146,96.0,92989
195,376,0.252,62.2,2927
421,654,0.212,71.4,6545
1669,4414,0.376,40.4,24285
501,1518,0.355,44.3,7864
4833,8729,0.211,76.1,75562
169,189,0.152,93.5,2585
1100,2009,0.228,66.6,17157
1341,1886,0.197,81.1,20178
1696,7926,0.633,25.4,25703
370,1421,0.494,29.1,5437
580,993,0.239,57.9,8325
3708,15916,0.548,25.9,54252
276,535,0.243,67.1,4287
3534,10700,0.411,36.2,50798
1191,1488,0.182,81.2,18070
2622,3388,0.164,82.7,39442
2157,4714,0.264,51.7,32615
293,1321,0.59,26.3,4503
1282,1930,0.224,68.2,18510
3906,5003,0.153,99.4,59602
728,1087,0.209,66.0,10843
5697,47432,1.101,13.2,87748
805,7405,1.379,11.6,11730
239,582,0.361,38.8,3496
599,2530,0.585,27.6,9176
5619,6966,0.167,83.2,82783
475,575,0.163,86.0,6985
4004,13678,0.449,33.3,59690
4231,13277,0.416,39.3,62841
528,1822,0.463,31.3,7870
176,247,0.169,91.8,2770
2308,5112,0.276,55.2,34043
449,651,0.202,69.1,6765
2834,5952,0.301,47.4,42775
780,1357,0.244,66.8,11300
847,1898,0.314,44.7,13350
2726,8673,0.384,40.6,41944
572,1033,0.244,67.1,8925
719,1253,0.219,63.2,11321
567,1622,0.404,36.4,8712
588,2571,0.605,23.4,8416
1019,2331,0.328,43.2,15652
3207,7295,0.293,47.4,47332
528,1042,0.232,66.6,8234
1047,1274,0.171,92.3,15549
1927,15373,1.172,13.3,27578
374,1447,0.51,31.9,5738
408,1540,0.508,27.4,5922
5393,9464,0.262,55.2,77067
2280,5369,0.299,48.7,33907
1250,1687,0.188,75.6,19127
1709,4970,0.438,31.8,25205
154,265,0.236,63.5,2242
1447,1851,0.179,89.5,22447
973,1357,0.178,92.0,14678
1107,1138,0.144,96.3,16913
532,870,0.201,79.6,8159
190,238,0.175,91.5,2750
281,1017,0.471,31.1,4260
5409,19241,0.498,27.8,82473
666,7154,1.556,10.6,9894
804,1338,0.21,73.6,12413
159,203,0.174,94.4,2458
154,630,0.557,26.8,2316
2184,3592,0.218,67.3,33074
1071,1432,0.185,77.2,16414
931,1363,0.176,93.5,14632
345,588,0.209,68.2,5177
2533,2533,0.139,97.3,36841
266,767,0.367,41.0,3862
272,798,0.353,41.5,4204
816,1372,0.243,58.9,12127
423,991,0.346,44.5,6129
347,3776,1.441,10.1,5265
1736,2432,0.194,75.9,24961
1770,2159,0.175,77.7,25527
3257,4789,0.198,77.2,50333
666,1707,0.338,41.1,10249
171,342,0.248,57.0,2661
377,987,0.369,42.4,5834
6416,60802,1.262,11.4,92476
1433,2580,0.231,60.6,20608
2045,12184,0.721,21.1,32125
138,794,0.822,17.2,2058
1018,1278,0.184,78.0,15186
152,1635,1.415,10.9,2316
1252,1651,0.163,96.3,18541
5108,10878,0.279,56.4,73348
5697,6791,0.152,98.5,88378
1062,7514,0.977,15.2,16573
763,1588,0.254,62.5,12008
5303,14557,0.34,41.4,80646
1829,2462,0.162,85.9,27891
170,480,0.364,42.5,2578
824,2731,0.44,33.4,12367
350,469,0.179,87.2,5119
828,2232,0.326,43.7,12566
778,7658,1.257,11.5,11880
1342,3328,0.359,45.1,19501
557,888,0.214,68.9,8075
246,949,0.464,32.9,3802
938,2055,0.283,48.9,14349
3542,23926,0.929,15.1,51465
1715,3040,0.216,62.9,26863
492,733,0.189,78.1,7514
5153,12353,0.349,47.2,77706
4580,12495,0.337,47.8,70932
292,1910,0.858,17.9,4536
154,724,0.571,28.2,2333
2484,12704,0.639,23.9,36348
3511,6902,0.274,53.4,50946
6160,11732,0.243,57.6,88186
4147,5066,0.162,95.4,64988
1357,9216,0.849,16.6,20956
1087,1677,0.231,64.0,15906
149,288,0.278,57.4,2230
343,692,0.246,56.5,5249
781,1021,0.157,88.6,12075
1524,5851,0.497,28.5,23379
1171,9493,1.109,13.7,17692
2357,3657,0.202,70.5,36538
416,1172,0.366,41.1,5975
1167,10683,1.244,11.6,18233
197,623,0.46,32.6,2823
695,2019,0.379,37.8,10088
2489,5132,0.251,65.5,37629
2057,8119,0.587,25.5,30136
6537,17050,0.333,47.2,96405
384,891,0.292,53.4,5931
921,1937,0.292,51.3,14042
484,555,0.146,97.7,7259
757,6249,1.066,14.1,11209
3825,4313,0.163,95.6,57142
1932,3469,0.239,62.4,29072
4185,5591,0.168,81.6,63135
295,578,0.278,48.7,4433
4035,8613,0.285,50.8,60931
169,182,0.157,89.1,2526
4478,5563,0.179,90.6,64674
489,1523,0.446,31.5,7246
466,1801,0.526,27.9,6847
998,1968,0.286,54.7,14826
5361,6783,0.175,91.0,79292
161,440,0.383,39.0,2411
503,850,0.204,68.7,7933
3993,5759,0.194,73.7,57058
598,797,0.184,80.1,9417
287,571,0.24,60.8,4359
674,1739,0.315,46.2,10537
578,662,0.143,97.0,9037
4929,8930,0.25,65.0,71828
2607,3314,0.18,75.6,39403
990,2845,0.361,41.0,14428
6225,10074,0.234,70.3,95552
803,2988,0.466,33.2,12345
163,571,0.454,32.1,2511
376,565,0.188,74.3,5579
757,1547,0.288,56.9,11012
245,351,0.189,71.5,3694
5364,19379,0.454,34.2,81454
2804,4615,0.253,63.9,40168
366,707,0.272,50.0,5712
1343,2338,0.246,63.7,20173
2221,7125,0.456,36.2,33631
5085,7423,0.207,74.4,79475
4098,5759,0.179,82.5,62936
953,3837,0.483,33.4,15008
2864,9247,0.409,37.1,41413
1215,2018,0.227,69.5,18034
1195,1746,0.21,72.6,17380
209,311,0.186,73.4,3133
220,346,0.198,71.4,3275
1079,2463,0.303,45.4,15874
397,829,0.303,45.5,5725
138,483,0.411,32.9,2171
2216,9685,0.612,24.1,33815
154,200,0.194,72.3,2271
1431,9501,0.874,18.4,20529
1151,1392,0.167,94.4,16485
5982,7575,0.18,84.4,88515
859,1180,0.172,87.2,13295
164,210,0.156,91.6,2564
1205,2952,0.319,46.8,17311
3556,4595,0.179,86.2,53706
6384,29240,0.654,24.2,98774
749,6206,1.15,11.9,10768
448,726,0.194,80.6,7001
4733,30716,0.94,16.7,69407
285,318,0.153,99.0,4226
1419,2112,0.2,70.7,22213
641,857,0.194,77.8,9779
151,592,0.467,32.1,2348
524,762,0.211,70.6,7781
375,3185,1.071,13.9,5644
1855,2298,0.162,85.4,29287
5715,21742,0.556,25.3,81845
374,588,0.19,72.8,5707
3111,11619,0.471,30.2,47828
160,1139,0.884,16.2,2483
1057,2304,0.267,53.3,16416
184,714,0.56,25.2,2635
5044,8121,0.208,75.6,77254
2647,9723,0.508,31.4,40090
1813,4964,0.355,40.8,26234
3394,6043,0.236,61.1,50211
1656,5372,0.45,35.6,25185
6139,16699,0.349,44.0,88559
2231,2861,0.172,83.4,32660
4829,22267,0.599,26.1,74472
1022,5728,0.835,17.4,15122
219,659,0.386,39.6,3161
1052,2943,0.342,48.2,15790
224,407,0.245,58.8,3285
1417,3757,0.374,43.5,20307
897,1144,0.178,81.1,13205
1462,12164,1.117,13.5,22843
135,321,0.305,48.9,2080
288,708,0.357,44.4,4286
890,1484,0.2,68.3,13670
5744,6111,0.159,97.0,82396
592,1327,0.282,55.9,8969
698,763,0.151,98.8,10520
2227,5748,0.371,37.2,32754
1418,11959,1.114,12.8,21225
424,2115,0.624,24.9,6440
636,1852,0.355,45.6,9976
315,851,0.384,38.5,4687
6051,34270,0.81,18.7,87553
226,518,0.29,48.9,3334
564,1630,0.364,40.4,8565
142,795,0.69,21.0,2212
327,958,0.422,36.7,4762
2949,4109,0.183,89.8,42366
289,915,0.429,37.2,4393
186,254,0.19,74.3,2735
845,1433,0.234,65.1,12797
138,271,0.283,48.4,2079
192,619,0.452,31.5,2786
3010,6903,0.324,43.2,47115
2735,4646,0.229,63.3,40901
4646,14012,0.374,41.6,71750
3712,15799,0.511,29.3,56601
1958,10549,0.796,20.5,28955
155,186,0.159,89.2,2454
2877,6279,0.294,49.6,42762
3563,5579,0.219,66.3,54642
3089,5521,0.262,54.1,45566
939,1347,0.186,88.5,14619
339,625,0.248,59.2,4974
3693,8900,0.306,53.3,54603
2400,2976,0.157,93.2,34392
6437,9232,0.189,74.8,92749
239,1200,0.692,20.0,3677
307,1568,0.618,26.0,4835
310,388,0.168,80.8,4580
2991,4229,0.192,85.2,44415
263,564,0.25,59.1,4155
166,321,0.238,59.9,2595
6685,11828,0.23,66.9,99438
152,279,0.281,49.5,2203
3641,5423,0.193,71.2,52490
537,3575,0.809,19.8,8351
3546,3953,0.153,96.5,53815
1114,1629,0.194,77.5,17511
4523,6508,0.21,66.8,68057
5121,12128,0.356,38.5,74921
142,638,0.596,24.5,2072
179,403,0.321,46.8,2686
340,656,0.227,69.5,5325
1806,3279,0.224,67.0,27426
4492,11169,0.357,44.4,64591
784,1253,0.212,65.2,12090
1406,1706,0.164,83.2,21491
285,2170,1.13,12.4,4181
3181,6610,0.313,50.6,46627
6108,8784,0.202,78.3,88001
377,732,0.235,59.2,5719
925,1486,0.198,68.6,13858
186,409,0.275,56.5,2801
1239,1479,0.162,99.3,17823
978,8092,1.057,14.9,14296
242,459,0.26,54.2,3519
724,4414,0.837,18.2,11274
507,2478,0.647,24.4,7390
1019,2678,0.321,44.5,15402
1255,5616,0.629,24.0,19771
131,146,0.149,96.7,2067
2663,2785,0.149,95.2,39260
2141,6100,0.408,40.2,32540
579,951,0.24,67.6,8381
167,307,0.256,58.0,2460
2433,3478,0.167,83.4,38338
5698,10613,0.236,66.5,83915
330,3967,1.423,10.0,5117
469,583,0.178,78.7,7090
277,352,0.19,77.2,4105
1321,2378,0.27,55.9,19108
243,299,0.151,91.3,3665
553,622,0.166,91.8,8057
2095,3674,0.237,57.2,30565
1182,2114,0.25,64.7,17891
604,668,0.163,99.7,9070
703,2019,0.426,36.9,10351
1145,3569,0.38,39.2,18031
141,516,0.539,26.4,2046
186,223,0.174,90.6,2719
4084,6486,0.212,77.0,62843
189,1002,0.716,19.5,2712
2049,2390,0.151,98.4,31759
5077,7590,0.191,75.8,73138
377,479,0.168,86.5,5766
583,4111,1.027,14.3,8520
1229,2751,0.295,55.4,18518
4296,6105,0.196,72.9,62954
5128,10718,0.254,58.9,79670
2351,4584,0.234,70.0,36101
179,267,0.179,83.6,2806
1894,4935,0.368,43.7,27409
650,743,0.158,86.4,9956
857,4529,0.663,24.7,12610
166,484,0.409,34.4,2423
292,2632,1.183,13.9,4223
2821,7927,0.328,42.8,44064
818,2012,0.336,44.2,11811
420,567,0.175,82.5,6509
613,1005,0.215,68.8,8983
3858,7676,0.289,49.3,56575
2374,4460,0.239,68.7,37459
376,2729,0.977,14.8,5803
210,870,0.59,26.2,3167
354,573,0.209,66.4,5360
5094,8780,0.236,67.7,73344
1279,1943,0.19,79.7,19459
1121,3077,0.355,46.3,16121
1369,1916,0.197,75.0,20619
584,870,0.197,71.6,8373
3209,3440,0.15,96.7,47019
1066,4251,0.535,29.4,15490
202,438,0.259,59.7,3157
222,388,0.247,64.2,3313
1050,1144,0.137,99.9,16335
5096,21071,0.542,28.1,78025
450,1009,0.285,57.1,6682
4092,10478,0.336,41.2,60028
2527,5034,0.24,57.3,39737
352,1279,0.507,30.9,5272
154,1213,1.011,14.3,2305
190,382,0.252,61.5,2978
2304,6447,0.376,40.2,34571
297,1329,0.624,26.4,4367
544,1705,0.413,39.2,8546
973,6908,1.076,14.4,14236
2295,2385,0.15,95.5,34164
214,325,0.229,62.3,3114
635,1016,0.194,83.3,9804
918,2268,0.317,48.1,13339
1061,1541,0.174,91.3,16591
3244,7252,0.278,53.5,49136
253,413,0.224,61.7,3914
3261,6289,0.267,54.3,47153
2046,2992,0.184,76.0,30075
1117,2404,0.26,61.0,17596
1956,6294,0.453,34.4,30867
654,2962,0.596,23.1,10023
220,368,0.238,64.6,3436
1826,3858,0.298,54.0,27048
1055,6431,0.837,18.6,15575
1698,4336,0.33,45.6,24395
522,991,0.256,56.3,7503
4704,6466,0.191,84.4,69465
1261,8707,0.877,16.8,19904
183,576,0.388,41.4,2793
775,1051,0.189,84.0,11620
2569,4600,0.233,68.4,38552
3010,9711,0.456,36.1,44693
965,1261,0.183,86.1,13846
4586,7495,0.25,54.4,66248
365,784,0.257,54.9,5698
649,630,0.139,97.9,9968
4632,4693,0.148,95.2,67254
4586,10428,0.324,42.3,66641
1905,9928,0.662,22.7,29243
3928,10390,0.346,39.3,57598
191,1517,1.171,12.7,2830
3920,36561,1.365,11.9,58969
453,1282,0.345,45.6,7010
278,361,0.172,94.7,4017
346,436,0.16,88.4,5101
661,1430,0.269,56.0,10259
363,666,0.237,60.9,5343
478,4863,1.422,10.5,7009
234,890,0.516,29.4,3391
412,3761,1.113,12.2,6371
1312,1597,0.182,77.9,18763
724,3747,0.676,23.1,11264
522,729,0.179,88.2,7764
2511,4180,0.224,67.9,37087
4359,15953,0.467,30.6,65929
2568,11257,0.608,24.2,38618
507,688,0.207,66.5,7329
2488,2993,0.18,91.1,36797
241,425,0.216,74.7,3624
213,600,0.331,41.4,3329
490,811,0.223,62.9,7731
3024,8793,0.401,38.0,47129
365,336,0.142,99.9,5242
175,255,0.211,77.4,2561
233,390,0.241,65.3,3348
3658,8123,0.298,48.1,57545
1619,2604,0.206,65.6,23867
342,1103,0.39,40.7,5385
1203,9431,1.173,12.6,17557
1037,2772,0.339,45.6,15753
1661,1997,0.153,93.7,25977
334,484,0.21,66.4,4979
3835,27261,0.884,17.6,58833
454,509,0.166,89.6,6708
2046,5871,0.415,34.2,30223
144,431,0.436,31.9,2130
601,1939,0.415,36.7,8593
521,1041,0.253,61.9,7917
1113,2002,0.243,59.0,16764
182,409,0.29,54.2,2658
2956,3908,0.188,74.6,43998
298,960,0.377,38.5,4688
1949,2875,0.196,80.4,28268
2948,14070,0.601,25.8,46308
1161,1697,0.178,80.4,18015
2322,3711,0.199,69.7,36288
1700,2735,0.191,71.5,26638
510,1285,0.3,53.3,8036
3015,4359,0.196,70.0,47343
419,2419,0.806,17.2,6334
1214,1399,0.164,86.6,18685
2370,17245,0.989,15.0,36935
596,2894,0.679,23.4,8807
423,681,0.23,61.9,6537
765,1148,0.198,76.5,12062
3243,21120,0.817,16.9,49059
4972,6510,0.16,92.9,76021
1104,1093,0.144,97.6,16869
1763,2625,0.219,64.5,26597
4643,8715,0.274,53.3,68495
198,325,0.206,76.7,2940
345,980,0.398,39.6,4958
2138,4759,0.271,54.4,32020
3336,4051,0.15,92.5,50181
3701,4602,0.149,96.0,57160
693,754,0.161,93.4,10145
182,676,0.479,33.6,2836
738,3231,0.531,30.9,11086
326,960,0.419,36.8,4932
423,927,0.293,49.7,6248
2849,8090,0.407,38.3,41028
187,436,0.332,43.7,2687
3283,6411,0.233,65.9,50940
693,981,0.181,78.6,10656
1415,2032,0.188,76.2,20593
189,242,0.165,83.3,2840
496,4308,1.145,12.9,7485
193,1614,1.074,14.3,2840
5793,9214,0.196,81.0,86032
3284,7067,0.275,58.0,47048
811,1696,0.266,62.0,12076
318,2234,0.934,14.7,4796
5160,16326,0.454,33.0,77080
529,781,0.223,67.5,7699
253,323,0.182,87.3,3754
1224,1354,0.155,92.5,18106
5602,9254,0.249,55.0,80255
136,234,0.244,59.1,2030
334,450,0.194,85.0,5076
5340,10954,0.277,58.4,78600
264,469,0.26,56.5,3905
197,287,0.176,91.5,3114
1236,1508,0.168,81.1,18610
3977,4738,0.157,91.8,58247
861,3681,0.529,29.6,12930
6708,11118,0.248,57.2,97895
1891,2569,0.164,85.8,28505
186,1105,0.804,20.0,2672
6348,8335,0.188,81.5,97234
630,2954,0.622,26.5,9863
407,557,0.168,82.7,6156
1187,2023,0.224,65.1,17735
431,1659,0.527,27.4,6577
182,468,0.307,52.6,2804
136,212,0.2,71.4,2011
764,1320,0.217,67.0,11610
3567,8182,0.287,48.5,52824
1285,1720,0.174,90.9,18766
6819,11954,0.251,56.7,99690
404,770,0.247,55.5,6142
402,3037,0.949,15.6,5991
247,275,0.158,93.0,3736
262,958,0.541,25.9,3799
422,686,0.242,57.6,6103
2918,4105,0.197,82.3,44467
4422,14844,0.466,29.4,69164
5846,11626,0.24,57.5,90713
326,1186,0.45,31.7,4962
4217,6102,0.209,78.4,62853
489,850,0.226,60.8,7223
203,292,0.183,87.0,3109
4076,5133,0.179,90.5,60141
1675,2436,0.214,68.4,24085
257,345,0.191,75.3,3809
692,1469,0.261,59.4,10747
413,1037,0.35,44.6,6152
2390,3955,0.232,68.3,35712
814,929,0.174,91.7,11786
6297,15618,0.301,47.5,95893
163,528,0.406,38.3,2477
539,1233,0.309,45.0,8020
880,2191,0.306,49.2,13175
975,6333,0.923,16.6,14316
437,908,0.255,54.9,6883
2326,4198,0.252,54.5,34672
3929,6598,0.224,63.0,61263
5148,14554,0.346,42.7,78683
3160,6116,0.248,65.2,46650
3588,4530,0.17,89.0,55736
1126,1295,0.164,96.0,17234
3442,5512,0.224,62.5,50604
443,3444,0.999,13.8,6556
607,639,0.146,97.2,9506
464,701,0.196,73.5,6909
800,2525,0.376,40.2,12448
397,1986,0.695,23.2,6112
5713,29769,0.645,22.9,86055
435,1856,0.6,25.1,6800
205,1453,0.958,14.1,2934
1012,1239,0.149,91.2,15706
171,289,0.234,58.7,2500
212,309,0.214,73.0,3082
330,452,0.177,84.5,4718
814,963,0.173,81.2,12301
753,940,0.171,89.4,10892
3184,3470,0.156,97.1,45675
2327,4977,0.278,49.5,36089
705,861,0.161,95.5,10600
470,781,0.21,75.1,7378
465,2847,0.878,16.4,6897
2776,4666,0.218,71.4,41307
158,217,0.196,71.8,2451
144,163,0.172,91.5,2102
2857,8338,0.373,43.6,44940
888,1543,0.237,62.6,12932
211,2043,1.283,11.1,3337
340,935,0.368,39.9,5026
4903,35183,0.913,15.6,76793
3752,6634,0.237,57.0,57716
2189,3060,0.185,83.6,32131
860,3433,0.477,28.6,13192
1021,1879,0.246,57.5,15312
6302,26506,0.552,28.4,90769
5568,30847,0.743,20.9,87467
319,598,0.245,56.0,4642
3045,22231,0.904,17.1,47760
277,576,0.259,62.9,4326
295,2662,1.07,12.8,4611
1970,10027,0.752,19.6,28163
629,1251,0.264,59.5,9752
5302,8597,0.245,63.2,76506
198,1665,1.125,12.6,2833
974,1795,0.227,61.6,14794
4910,6616,0.185,85.5,72706
4709,7283,0.218,75.0,68721
243,1379,0.725,21.8,3689
540,994,0.259,63.3,8393
1492,2346,0.217,70.5,22537
255,2214,1.22,13.4,3731
6047,7927,0.179,87.0,88241
4647,6318,0.177,91.6,71641
247,292,0.162,86.5,3843
223,306,0.189,84.2,3212
177,277,0.183,77.0,2793
4787,6438,0.203,67.0,70169
271,467,0.212,71.1,4265
702,914,0.175,82.6,10192
803,1229,0.196,69.6,11577
1360,4461,0.416,39.5,20832
169,479,0.354,43.8,2647
323,457,0.179,90.7,4856
4996,52130,1.429,11.5,76489
4620,7169,0.201,72.9,69886
2880,3172,0.149,95.9,42502
139,203,0.191,73.6,2157
472,497,0.151,99.5,7187
1599,2382,0.213,71.9,23329
396,3196,1.139,13.1,5869
4599,6369,0.174,84.4,70208
1617,5089,0.393,35.6,23877
181,370,0.296,50.1,2649
4713,11573,0.361,38.1,70049
5504,21961,0.471,34.2,84770
171,393,0.279,48.8,2710
1102,2871,0.332,44.1,16050
450,626,0.206,67.0,6552
632,937,0.19,83.2,9299
257,843,0.393,36.7,4038
1290,4226,0.473,29.2,19193
5837,8525,0.216,70.0,84841
943,1585,0.231,70.3,14313
178,232,0.178,91.1,2766
1520,15429,1.246,11.4,22614
521,664,0.18,86.8,7569
3623,7153,0.239,56.9,56914
737,1224,0.211,65.9,10953
287,1710,0.823,18.2,4252
284,634,0.29,48.9,4223
2738,9731,0.522,30.5,40470
381,1371,0.496,32.9,5652
2582,5367,0.244,55.4,40228
290,356,0.171,83.1,4475
474,662,0.193,76.9,7039
784,1571,0.24,63.2,12356
5410,11478,0.278,58.5,80073
5188,13114,0.334,48.5,76562
291,379,0.158,97.5,4492
546,868,0.236,60.4,8121
240,912,0.482,32.9,3588
956,3636,0.459,30.7,14705
805,1380,0.252,65.0,12121
4706,8129,0.237,57.1,67825
5032,52446,1.422,10.7,76046
605,663,0.163,84.7,8968
870,1351,0.201,73.4,13692
4254,7590,0.221,69.6,66635
2998,24463,0.962,16.2,46946
139,386,0.372,42.6,2028
459,607,0.162,94.2,6995
675,782,0.163,87.6,10413
335,1048,0.453,35.7,4912
281,1576,0.66,24.1,4366
150,346,0.277,50.4,2318
1640,4461,0.38,42.0,24779
366,657,0.23,71.4,5585
165,189,0.159,97.0,2454
323,824,0.336,42.7,4936
3038,24255,0.982,15.6,46074
3864,4686,0.16,90.8,55935
916,7259,1.157,13.4,13235
701,775,0.158,95.7,10184
6336,10247,0.233,69.8,91701
294,375,0.162,94.8,4383
314,1171,0.506,28.0,4644
420,3917,1.147,13.7,6264
269,558,0.267,53.9,3931
591,1176,0.283,50.6,8821
4520,13739,0.368,39.8,70552
1526,1564,0.141,96.2,22206
685,930,0.195,84.0,10021
5323,8168,0.217,69.5,77368
156,848,0.642,24.7,2417
296,425,0.188,76.1,4552
1195,1993,0.209,75.4,18300
1482,3484,0.315,48.3,22224
149,180,0.158,93.2,2334
637,3361,0.656,25.0,9677
1636,5962,0.44,34.1,25346
1998,13837,0.986,15.7,30692
1651,1926,0.166,81.6,24277
483,766,0.218,66.0,7009
183,585,0.422,38.3,2883
713,3582,0.638,24.7,10633
210,1695,1.11,13.6,3309
5206,27962,0.648,25.0,81473
873,1934,0.294,50.8,12833
472,1561,0.471,32.2,6919
2756,8538,0.44,33.3,40082
932,1136,0.173,88.8,14029
464,819,0.257,56.4,6726
3088,4845,0.194,75.6,47922
3865,35985,1.241,13.2,59469
1787,4658,0.323,42.9,27825
164,313,0.26,53.1,2403
1188,4334,0.509,26.8,18331
2549,13755,0.695,20.8,39613
230,298,0.166,88.3,3411
312,342,0.146,94.5,4892
4018,28809,0.886,17.1,63148
138,374,0.368,41.4,2163
2407,2883,0.164,96.2,38009
867,5828,0.94,17.5,12763
770,1269,0.226,67.9,11483
133,153,0.142,97.5,2056
3201,3435,0.14,98.0,49335
561,1131,0.302,52.4,8172
1106,5338,0.627,24.6,16587
1923,6976,0.496,28.2,28297
2073,2390,0.158,90.1,31244
5464,7637,0.171,92.1,84180
1115,1747,0.235,64.7,15986
641,999,0.193,79.0,9553
5357,7440,0.184,76.6,83434
1628,2705,0.221,69.6,24657
420,652,0.187,84.5,6420
212,388,0.225,71.7,3280
3756,6685,0.271,58.1,54013
570,2036,0.486,31.3,8248
1713,2570,0.202,76.9,26494
828,1796,0.284,52.6,12616
297,886,0.388,36.5,4355
1362,2066,0.196,82.2,21051
170,240,0.208,72.7,2535
685,820,0.162,94.4,10075
1148,5080,0.662,24.9,16971
749,1283,0.24,68.4,11011
2545,8885,0.477,32.0,37411
3558,3908,0.149,91.3,51009
2682,15852,0.775,19.0,40864
161,255,0.236,69.1,2327
271,410,0.177,81.2,4274
1064,3306,0.393,41.9,16319
4933,5354,0.143,95.9,77493
3548,5033,0.176,86.6,52432
3456,11978,0.412,36.5,54009
451,4062,1.336,10.7,6548
725,2464,0.445,36.7,10731
801,2774,0.435,35.3,12610
252,273,0.158,90.1,3701
156,161,0.151,97.0,2258
5503,39438,0.959,16.3,81243
325,678,0.275,52.4,5128
353,741,0.272,59.3,5113
189,971,0.762,18.4,2771
4978,13304,0.325,44.0,75602
1265,3730,0.362,38.5,19319
1808,3377,0.237,58.2,27183
4890,6981,0.207,69.5,70757
502,907,0.225,73.3,7730
1456,6941,0.618,22.3,22748
160,203,0.17,83.2,2327
263,402,0.201,71.1,4152
3586,4704,0.171,90.0,51676
2625,5688,0.312,50.4,40155
526,712,0.174,90.5,7884
560,716,0.154,87.9,8734
1118,2593,0.313,49.5,16125
136,326,0.347,44.3,2001
357,393,0.16,94.0,5139
306,445,0.197,74.4,4516
344,437,0.17,93.5,5328
3060,3748,0.178,81.7,46799
397,593,0.219,64.8,5972
285,1574,0.706,20.4,4230
999,2695,0.409,36.2,14379
3895,4669,0.146,97.2,59120
349,1004,0.395,38.7,5141
189,1255,0.878,18.4,2719
518,773,0.207,73.7,8064
2574,3945,0.195,76.1,37262
1140,3480,0.445,35.7,17243
3331,9492,0.428,36.8,48835
5574,10877,0.28,52.2,85378
2913,26187,1.28,12.0,44436
1348,2049,0.194,81.0,21226
961,2691,0.369,38.5,13778
160,188,0.168,86.8,2339
6015,8289,0.168,82.2,94051
627,1119,0.237,69.5,8965
244,687,0.351,39.2,3627
1873,3130,0.248,56.5,27148
387,841,0.299,50.0,6081
1304,3633,0.397,40.5,19781
1346,1628,0.169,86.3,19857
732,1685,0.295,53.5,11436
3507,4777,0.183,84.9,52670
373,2123,0.792,19.5,5638
749,4186,0.707,22.7,11567
1070,1096,0.138,98.0,16389
1871,3379,0.259,62.9,26823
2802,5659,0.286,55.9,42951
606,1363,0.286,57.1,9371
1675,6979,0.541,29.4,25040
244,409,0.216,74.7,3605
5237,33230,0.8,17.6,76837
611,1106,0.235,61.6,8950
2206,3869,0.235,61.4,34710
142,153,0.15,92.3,2165
305,661,0.274,57.4,4463
932,4429,0.623,22.3,13445
4182,7280,0.222,61.5,62109
1001,7133,0.869,18.2,15733
5014,20729,0.572,28.3,76006
847,8757,1.234,12.8,13273
930,1798,0.284,56.2,13623
203,1345,0.868,17.6,3195
2983,6928,0.309,52.2,46208
347,424,0.16,94.0,5255
4484,7379,0.22,74.8,67521
4659,28480,0.814,17.0,70549
5321,21366,0.528,30.2,80109
1042,1643,0.218,70.6,15306
1860,2261,0.168,90.5,28274
2816,26259,1.209,13.0,42044
218,340,0.193,83.1,3339
1378,2776,0.266,60.6,20991
154,279,0.237,59.1,2287
932,1033,0.146,96.2,14008
249,292,0.175,77.3,3665
274,323,0.161,86.5,4090
572,1284,0.341,41.9,8341
719,1465,0.262,59.9,10857
1525,2617,0.228,65.4,22897
181,501,0.405,38.9,2675
929,1764,0.244,61.3,14347
269,1068,0.485,31.3,4086
1274,5522,0.604,22.9,18888
1537,4812,0.363,43.7,24208
1169,1986,0.206,76.5,17654
2418,2961,0.156,92.5,35922
518,1117,0.283,51.2,7433
2759,4087,0.209,67.9,39895
708,4408,0.827,19.3,10871
886,1248,0.172,91.4,13293
1608,3077,0.251,61.2,25242
139,175,0.177,80.2,2148
1769,2066,0.172,81.5,25831
1442,4835,0.413,33.1,22489
437,776,0.237,57.6,6721
194,191,0.146,96.4,2797
196,1158,0.764,18.1,2854
5076,7840,0.212,71.5,74055
2049,2267,0.151,96.6,29654
224,612,0.4,37.1,3288
517,661,0.175,87.5,8074
1356,1546,0.165,94.0,20306
3484,5270,0.2,77.2,52558
155,580,0.463,30.8,2372
347,1050,0.398,40.1,5047
4315,38020,1.229,13.2,64966
132,188,0.17,84.8,2073
286,317,0.157,86.5,4397
5525,9510,0.242,66.9,85188
1526,4596,0.39,41.7,22038
376,2132,0.807,16.9,5566
174,235,0.174,77.8,2599
148,213,0.212,75.4,2233
352,374,0.156,92.1,5210
4300,6891,0.214,75.7,62899
682,797,0.167,84.6,10177
2330,3161,0.209,77.1,33485
5073,7406,0.205,66.8,72638
690,1405,0.295,48.4,9869
286,403,0.18,91.2,4226
1051,1664,0.207,68.6,15121
4608,10820,0.303,45.9,69797
3212,20462,0.918,17.5,46519
179,491,0.383,36.2,2587
2083,3657,0.234,58.9,30039
1290,3558,0.416,34.8,18735
4598,17330,0.515,29.9,69627
207,467,0.272,57.5,3229
1059,5060,0.638,25.3,16156
4271,5895,0.184,82.0,62403
645,1252,0.274,53.6,9945
876,1644,0.236,61.6,13180
176,835,0.689,23.3,2634
399,1272,0.4,39.2,5937
495,1133,0.346,46.9,7117
5465,8616,0.198,82.7,80679
414,533,0.182,79.3,6043
815,3120,0.502,30.1,12134
1904,3475,0.235,65.5,27641
245,745,0.438,31.9,3772
868,882,0.138,98.9,13411
2499,3272,0.168,95.7,35957
4036,7227,0.249,60.7,59400
1571,2517,0.209,72.9,23175
1820,2347,0.185,82.1,27398
215,357,0.211,74.9,3277
5422,7063,0.191,73.0,80886
215,279,0.159,96.3,3359
2748,4677,0.234,63.7,41416
374,673,0.241,67.3,5635
5161,6269,0.174,86.4,77121
2259,3983,0.232,70.3,33436
2661,3539,0.192,76.0,38171
318,1214,0.528,31.1,4711
783,2165,0.371,43.4,11317
1503,6880,0.656,23.3,22422
2745,5707,0.262,55.5,40662
191,451,0.287,51.0,3003
5542,6950,0.159,99.7,86309
4373,7062,0.234,65.0,65086
379,543,0.182,80.8,5758
3432,8686,0.385,40.1,49989
1017,1491,0.185,84.8,15193
842,1214,0.208,65.4,12179
477,598,0.189,72.7,6842
1248,3419,0.378,36.5,19412
2293,4540,0.239,59.4,34760
676,1160,0.22,67.1,9981
1532,2804,0.252,63.0,23445
2008,2654,0.158,92.4,30841
2220,2235,0.149,90.8,32300
171,196,0.154,97.4,2450
3956,7011,0.235,70.1,57771
802,953,0.149,97.5,12011
370,525,0.193,84.9,5582
344,1013,0.402,34.4,5149
878,1961,0.289,48.5,13232
4283,15675,0.498,31.5,64228
568,5769,1.446,10.4,8786
2605,11525,0.587,26.9,37565
199,2331,1.552,10.4,2920
874,1208,0.191,74.8,12877
6743,14966,0.322,48.3,96799
2657,7891,0.402,38.1,40736
291,489,0.205,78.6,4557
979,1295,0.174,84.9,14222
349,370,0.14,97.8,4988
667,1173,0.225,67.8,9927
2695,7067,0.318,51.5,42302
2800,7017,0.361,37.5,40861
311,1064,0.474,30.0,4881
4937,19229,0.495,29.2,73766
1324,3151,0.337,46.8,20313
613,706,0.146,99.3,8841
945,10806,1.411,10.1,14249
1478,5976,0.557,27.7,21331
1167,4388,0.506,27.0,17875
883,1267,0.188,74.5,13409
1004,2663,0.353,41.7,14417
257,596,0.285,51.2,3987
3229,13675,0.622,23.4,48066
1097,2629,0.298,46.4,16651
228,1298,0.756,19.3,3339
2571,4986,0.274,58.0,40059
5086,28953,0.784,18.8,76775
5532,7666,0.188,81.1,81372
559,911,0.229,61.0,8471
216,288,0.182,75.2,3398
1033,2323,0.339,47.7,15197
207,549,0.327,44.3,3107
4897,27181,0.772,18.8,77240
276,563,0.282,57.1,4101
373,701,0.277,56.3,5376
628,1556,0.302,52.1,9815
602,945,0.203,76.6,8953
3053,3866,0.163,84.9,44785
760,1287,0.211,77.6,11920
247,1404,0.707,22.9,3900
377,601,0.215,66.0,5688
1005,6952,0.924,17.2,14655
229,333,0.203,72.5,3560
1508,3977,0.351,44.4,21888
1238,5375,0.638,21.9,18290
2147,3031,0.173,87.6,32755
5233,8343,0.213,65.3,78372
4949,12860,0.36,41.9,70945
5245,45904,1.115,12.8,80981
347,699,0.255,58.4,5209
225,277,0.167,93.1,3346
419,814,0.253,63.7,6525
4220,4562,0.144,97.4,66336
5685,30127,0.726,22.3,89643
3777,6490,0.24,61.1,57676
196,271,0.196,81.8,3075
5592,11472,0.262,57.3,81410
733,4877,0.884,18.2,10478
132,242,0.248,62.5,2074
747,1173,0.231,65.1,11288
152,228,0.191,75.6,2394
1078,1723,0.209,78.5,16790
492,794,0.2,79.4,7520
840,1312,0.21,69.7,12746
1532,5619,0.476,29.4,22018
3948,9393,0.341,46.4,59854
1775,2673,0.206,79.9,26642
709,888,0.15,95.8,10926
3125,21145,0.95,17.1,49341
4791,8059,0.238,58.2,69117
204,652,0.429,38.1,3195
1117,4189,0.52,30.3,16023
390,761,0.262,55.5,6087
161,288,0.223,64.5,2404
1914,21086,1.418,10.9,27344
3756,5956,0.19,80.2,58459
250,359,0.194,83.8,3782
3290,4297,0.163,96.9,48006
3581,16988,0.576,26.3,56353
4858,8904,0.256,63.5,71526
360,818,0.316,48.4,5646
4457,14190,0.4,40.1,68678
451,964,0.263,60.9,7011
1204,1621,0.202,80.4,17355
157,1396,1.135,12.1,2436
151,204,0.157,97.2,2374
2252,2906,0.18,82.9,33490
747,1054,0.193,77.6,11381
359,558,0.19,78.4,5450
270,691,0.356,45.0,4212
1878,2781,0.186,77.6,27495
134,351,0.332,44.8,2003
3077,3551,0.155,90.9,46796
175,686,0.549,26.0,2726
284,815,0.426,36.3,4230
620,1026,0.232,59.6,9062
871,2519,0.363,38.7,13328
509,1252,0.313,48.2,8019
454,921,0.251,54.3,7013
5894,7157,0.159,87.1,86834
1720,3518,0.282,57.1,24606
139,450,0.376,42.6,2192
703,2533,0.45,32.3,10761
3909,10323,0.311,46.8,61325
425,891,0.289,56.4,6504
191,265,0.176,77.2,2895
2699,14449,0.729,20.9,38860
1367,5930,0.511,29.9,21410
1275,3350,0.359,44.2,18619
162,454,0.385,42.4,2466
238,544,0.322,45.3,3465
1524,1961,0.182,81.4,22841
286,842,0.396,39.2,4509
1000,2123,0.297,55.2,14369
1076,2222,0.244,66.2,16856
408,1427,0.502,30.9,6063
5654,8420,0.215,74.7,81728
3448,6711,0.232,59.2,53994
2262,4759,0.291,50.2,33753
186,242,0.163,82.9,2713
211,635,0.44,31.9,3029
937,1168,0.172,89.5,13748
244,460,0.267,60.5,3750
6245,11982,0.238,64.8,91848
252,349,0.175,88.8,3718
915,1183,0.165,83.6,13465
573,935,0.242,64.1,8311
1559,2549,0.191,77.8,24396
212,567,0.315,49.0,3313
727,1298,0.244,59.3,10767
408,2968,0.978,15.6,5857
4282,28915,0.817,18.1,64460
163,206,0.179,84.6,2344
4965,29855,0.907,15.4,71355
3608,16248,0.582,25.2,52030
444,571,0.179,81.6,6406
3040,37414,1.555,10.1,43854
155,503,0.441,35.4,2259
5970,10319,0.259,62.6,87842
996,1896,0.242,63.6,15692
420,617,0.181,79.9,6550
530,1067,0.285,55.5,8261
164,342,0.268,55.8,2593
6149,8352,0.187,75.3,95919
162,344,0.287,54.9,2332
1756,3035,0.215,64.8,25923
739,895,0.155,90.8,11303
5619,14547,0.342,46.1,81886
348,907,0.354,44.7,5235
1030,12486,1.538,10.3,16033
913,1468,0.221,65.2,13198
2051,20885,1.27,12.7,31273
177,395,0.283,55.4,2609
278,428,0.194,82.4,4268
308,666,0.263,59.5,4629
2469,8507,0.445,34.3,35902
269,331,0.171,80.8,4191
1316,4305,0.456,34.3,18852
296,514,0.205,76.0,4642
3893,7045,0.222,64.9,58197
5538,24165,0.621,25.3,79758
1058,1316,0.166,91.5,15203
514,2108,0.541,28.1,7935
321,340,0.147,99.1,4996
165,1700,1.3,10.7,2430
363,1303,0.42,33.7,5717
1721,7308,0.565,28.0,25855
1107,9265,1.271,11.3,16129
5388,7598,0.178,75.9,80339
608,1068,0.228,72.4,9425
2010,2400,0.174,81.3,30191
942,2971,0.467,33.1,13563
1001,2250,0.326,50.0,14855
388,652,0.221,69.3,5701
777,1824,0.321,49.6,11857
814,1318,0.226,72.8,12614
2064,4123,0.24,67.1,31739
5302,32305,0.747,20.3,79277
472,611,0.182,80.3,7253
157,222,0.2,74.9,2358
948,1647,0.232,69.0,13938
1148,5246,0.67,24.0,16828
249,846,0.47,34.1,3865
2677,6384,0.337,45.4,39177
6393,21794,0.424,35.2,94274
5129,20907,0.473,30.5,80885
275,378,0.164,82.5,4324
4153,7472,0.234,67.4,61410
2073,3867,0.235,60.9,31473
759,2802,0.478,30.3,11805
1054,1443,0.173,92.6,16577
3575,14310,0.502,27.2,55523
912,1366,0.2,81.5,13084
587,551,0.139,97.0,8611
920,1407,0.216,75.4,13773
1341,1575,0.15,99.4,19273
282,407,0.201,68.6,4190
4626,16986,0.525,29.6,67864
1823,7857,0.571,28.3,27954
1602,4311,0.378,39.2,23819
189,1983,1.463,10.6,2951
1403,2305,0.23,71.4,21257
204,686,0.416,34.2,3210
176,246,0.191,83.4,2721
1004,2753,0.34,42.3,15736
637,1235,0.278,53.2,9668
1380,1345,0.148,96.9,20017
186,709,0.467,31.8,2835
743,1024,0.18,74.9,10795
268,378,0.185,78.0,3962
6344,21382,0.496,29.9,95078
1166,2379,0.279,55.1,17964
2045,5805,0.371,41.5,29441
454,636,0.192,79.5,7143
196,335,0.218,66.0,2897
6139,14308,0.309,52.8,90992
406,588,0.183,80.1,6128
681,2452,0.454,31.2,10497
1682,2435,0.195,77.8,25417
152,189,0.179,87.9,2202
3280,3742,0.152,89.1,47603
1135,1540,0.178,80.5,16317
388,922,0.342,46.7,5938
167,189,0.153,98.4,2545
239,610,0.333,44.2,3776
4617,8102,0.241,67.5,66323
1918,7593,0.562,24.5,29279
351,451,0.156,98.2,5316
179,258,0.198,73.4,2585
1992,2849,0.176,77.8,29810
1259,8866,0.888,15.9,18772
627,892,0.195,78.7,9734
552,654,0.17,79.7,8294
324,542,0.217,70.5,4670
1841,6241,0.451,36.3,27458
5798,11838,0.294,54.1,89159
252,1575,0.729,19.9,3977
1355,2728,0.265,52.4,20678
705,2353,0.466,31.9,10512
730,2041,0.354,41.4,11479
364,1917,0.666,24.6,5405
3371,12477,0.536,30.7,50455
915,5657,0.872,16.9,13349
1064,1213,0.15,92.8,16759
451,989,0.281,57.7,6588
272,746,0.347,45.7,4073
184,354,0.259,58.2,2798
2280,3701,0.219,66.5,32681
277,336,0.16,93.0,4309
1991,9373,0.621,26.1,29747
603,1942,0.384,36.6,9210
680,833,0.163,97.8,10172
840,2148,0.312,43.4,12535
538,5978,1.352,12.0,8428
200,882,0.644,23.3,2964
453,4076,1.146,12.4,6715
1837,1705,0.136,99.1,26834
1729,5886,0.432,35.1,27050
400,478,0.153,93.1,6127
818,1007,0.155,99.6,12098
273,450,0.224,64.0,4262
309,2594,1.06,13.0,4554
139,1029,0.866,17.3,2188
4377,8728,0.285,53.3,66769
314,783,0.319,46.6,4560
333,534,0.23,64.6,4870
403,843,0.308,49.5,5971
227,288,0.16,94.1,3292
1659,2852,0.239,58.1,24384
179,267,0.195,72.4,2683
236,262,0.154,90.7,3380
1693,7879,0.671,23.2,24914
508,1920,0.492,30.7,7552
2107,10910,0.752,19.7,31901
1227,5864,0.704,22.6,17704
355,764,0.258,56.1,5445
1617,5437,0.391,38.9,25513
203,448,0.285,48.1,3151
1044,1217,0.16,98.4,16307
723,3519,0.647,24.1,11059
392,831,0.271,58.7,5703
1437,8298,0.855,18.9,21243
3896,11413,0.408,38.7,60450
6829,14986,0.279,57.5,99572
1437,1618,0.153,95.2,21557
650,1434,0.321,45.2,9741
317,2308,1.031,15.8,4826
377,1063,0.361,44.9,5468
854,4266,0.655,23.1,13049
538,1865,0.476,30.7,8414
4664,9444,0.245,65.6,71379
575,4066,0.901,16.1,8447
583,1050,0.269,51.8,8619
579,1083,0.238,64.9,8966
3381,7113,0.284,48.0,52774
1727,16033,1.249,11.7,25509
1499,1704,0.161,98.7,22104
486,1189,0.334,43.0,7391
3381,5092,0.203,80.1,49048
162,487,0.416,39.3,2323
3903,8927,0.302,52.8,60323
998,2507,0.366,45.0,14865
601,1920,0.37,40.8,9498
952,8308,1.271,12.0,13986
1799,5275,0.378,42.4,27223
135,160,0.166,90.1,2102
4135,6405,0.204,72.1,60502
789,3506,0.665,23.1,11482
490,885,0.245,63.2,7651
218,308,0.174,90.3,3434
731,1133,0.212,73.0,11160
941,4722,0.673,23.4,13940
665,790,0.176,88.1,9700
1905,5381,0.402,37.1,28448
697,1484,0.273,50.9,10378
5904,10781,0.276,57.4,85990
1394,1510,0.157,86.5,20853
3174,3898,0.176,93.8,47088
204,236,0.171,93.7,3067
654,6295,1.448,10.7,9462
484,630,0.176,93.0,7470
1208,8777,1.03,14.9,18559
3728,12560,0.403,33.9,58081
186,334,0.269,56.3,2717
175,383,0.269,53.2,2656
3655,6720,0.227,64.4,55679
321,592,0.28,53.2,4598
1902,2082,0.168,94.1,27366
1167,3608,0.474,31.6,16724
3343,11399,0.431,34.7,52010
226,261,0.155,92.9,3262
217,1521,0.894,16.9,3322
1120,1955,0.22,64.9,17662
5346,7586,0.2,71.4,81077
676,1539,0.284,55.5,10141
460,695,0.2,72.5,7186
1436,6294,0.534,25.5,21467
5240,6234,0.168,86.7,76178
3479,17164,0.682,22.6,52837
6453,18337,0.346,46.1,98248
143,1081,0.977,16.8,2184
216,432,0.266,59.1,3110
1381,2241,0.21,70.3,21701
3286,4058,0.152,94.7,49563
397,600,0.181,76.5,6104
353,659,0.262,58.7,5098
2780,3296,0.16,93.9,43458
164,375,0.293,53.1,2493
560,1086,0.235,60.5,8483
1001,1684,0.227,63.6,14467
1159,2994,0.307,46.9,17907
2339,3115,0.186,85.5,34587
514,2280,0.526,26.7,8014
1531,2591,0.256,59.9,21976
1328,1746,0.182,75.0,19749
1150,1411,0.166,91.4,17037
1622,1930,0.153,89.6,24501
362,665,0.251,55.8,5518
180,307,0.204,67.9,2785
214,550,0.32,45.5,3189
335,711,0.279,52.1,4814
930,1139,0.175,91.6,14153
3708,3708,0.151,93.8,53569
1999,2359,0.152,90.6,31081
3048,15729,0.682,22.5,43811
518,656,0.18,86.5,7894
641,755,0.151,95.4,9739
619,1689,0.36,42.5,9330
288,618,0.279,56.7,4236
173,227,0.182,80.1,2541
1342,2608,0.249,60.6,20182
6406,6263,0.14,99.4,95869
244,481,0.266,51.0,3841
156,287,0.221,74.3,2400
2770,3609,0.177,81.3,42211
360,775,0.263,54.5,5372
3443,4399,0.188,87.1,51353
2137,4160,0.265,59.2,31404
5507,12649,0.324,47.0,80853
642,4308,0.792,19.7,9903
1824,5036,0.344,45.4,26649
782,1211,0.208,76.1,12325
1605,1657,0.147,92.9,23571
743,2751,0.451,32.7,11611
285,772,0.343,42.0,4183
975,4328,0.575,23.9,14585
1047,1732,0.204,72.2,15815
3238,3462,0.159,96.4,47667
2259,3787,0.207,67.7,35535
1739,3070,0.22,65.5,26840
210,376,0.258,59.8,3116
2312,15010,0.848,18.0,33522
932,1641,0.213,75.7,14159
4299,8821,0.247,64.2,66081
4881,8178,0.236,69.5,73090
167,201,0.168,90.9,2481
3278,4798,0.194,80.6,49576
160,216,0.2,80.3,2317
562,786,0.171,93.4,8410
1060,1229,0.158,99.1,16687
231,452,0.241,62.3,3569
2458,12979,0.723,19.8,37067
140,329,0.314,51.3,2066
250,344,0.196,80.9,3867
1354,11697,1.282,12.5,19399
2141,14894,0.921,15.1,32715
4827,33639,0.9,16.0,72173
2005,3250,0.195,75.8,31597
1917,3645,0.291,55.1,27692
641,1629,0.374,43.2,9354
129,773,0.736,19.5,2010
222,348,0.205,75.9,3200
1059,2707,0.353,38.9,16189
1906,5769,0.435,33.9,28057
704,1022,0.218,68.7,10239
2380,4247,0.262,60.3,34868
1069,2635,0.38,42.6,15404
184,291,0.214,67.7,2673
296,1004,0.438,34.4,4238
3451,4709,0.189,81.5,53476
2228,8464,0.473,30.6,34090
4477,22768,0.677,24.3,66252
216,345,0.201,80.4,3167
6438,9954,0.195,73.7,96247
289,1380,0.568,26.4,4537
144,746,0.694,20.5,2094
6903,9256,0.176,85.5,98996
396,567,0.195,79.9,6005
1769,4480,0.349,39.5,27288
253,502,0.233,69.2,3992
1256,7311,0.722,21.2,19356
4671,9335,0.296,55.6,68700
485,4363,1.162,11.7,6998
1760,4718,0.354,45.2,27527
279,1898,0.949,16.7,4171
1566,3109,0.263,52.8,23042
486,1143,0.303,48.0,7458
306,743,0.323,50.0,4569
463,3462,1.069,14.1,6809
277,759,0.346,42.5,4026
4520,7711,0.208,78.1,68133
646,1358,0.319,43.2,9458
341,506,0.201,74.4,5220
748,1877,0.357,43.3,11557
452,1194,0.319,48.1,7008
2418,4662,0.235,60.8,36793
5680,7127,0.159,95.6,89351
723,4677,0.789,19.8,11097
3929,35555,1.177,13.0,58063
1237,2198,0.24,64.7,18298
236,269,0.15,95.4,3699
1945,2294,0.161,99.1,29811
1000,1966,0.277,53.6,14905
1668,4074,0.316,52.1,25491
4294,6044,0.199,68.0,64950
762,1277,0.244,60.0,11202
4306,6415,0.209,67.1,67936
2457,3298,0.171,88.7,37704
869,1370,0.184,77.2,13525
1359,3277,0.287,54.7,21178
498,1165,0.313,51.6,7147
6175,10368,0.209,67.6,93784
1819,3667,0.274,51.0,27216
161,358,0.315,51.2,2374
456,4443,1.272,11.5,7177
1487,6053,0.577,25.7,22909
171,335,0.262,54.0,2493
151,180,0.176,84.0,2195
765,2476,0.405,35.1,11630
483,936,0.272,57.0,7349
759,1919,0.365,41.0,11109
364,2490,0.816,19.4,5589
244,263,0.15,96.2,3809
1928,2559,0.173,86.9,29639
986,5715,0.837,17.1,14971
278,437,0.218,74.8,4376
464,1308,0.365,41.3,6982
1382,1463,0.141,99.5,20253
177,479,0.385,37.2,2653
227,835,0.437,31.5,3560
176,308,0.222,61.1,2663
3266,4078,0.177,85.2,47988
2418,9572,0.531,27.3,37962
2427,4443,0.222,73.8,38096
2169,15571,0.903,15.5,32964
1773,2184,0.171,92.7,27434
899,5235,0.835,17.3,12924
1658,1787,0.154,92.3,24674
151,337,0.303,54.2,2323
1547,3441,0.316,50.3,22744
2760,3621,0.158,97.6,41939
909,1169,0.157,99.1,14161
525,1028,0.24,68.5,8099
400,2015,0.713,21.4,5920
1574,2765,0.249,55.6,24724
1958,3256,0.238,57.6,30066
3906,8397,0.275,56.3,60363
493,922,0.253,61.3,7632
2758,25691,1.347,11.7,40630
1237,1528,0.187,74.0,17978
4306,7491,0.22,74.1,63232
1066,5975,0.743,20.4,15767
1052,1758,0.252,61.3,15151
1222,2247,0.222,61.2,19178
2417,4521,0.229,71.4,37505
5756,35822,0.859,17.7,87098
175,286,0.229,66.4,2666
162,606,0.463,35.3,2464
5068,11075,0.293,55.6,78324
1022,1512,0.178,79.6,15895
1479,2232,0.222,73.5,22168
917,5008,0.759,20.7,13202
190,289,0.214,63.2,2885
2568,3053,0.146,97.2,40363
2531,12501,0.611,24.1,37199
441,584,0.176,86.8,6770
430,649,0.213,73.2,6627
3473,4531,0.177,79.7,53027
180,647,0.453,35.4,2654
4320,14769,0.447,35.9,62806
367,434,0.168,91.5,5458
1332,4257,0.384,42.4,20346
5091,40556,1.017,15.7,77849
1821,2930,0.221,64.1,28388
703,3842,0.749,21.2,10118
2006,2943,0.2,81.7,29684
487,839,0.205,67.8,7681
400,530,0.185,88.7,5916
6545,8932,0.168,80.6,98710
2633,15027,0.75,20.1,37722
1713,4604,0.357,44.3,24910
517,760,0.199,79.7,8028
165,437,0.33,47.6,2424
150,176,0.155,97.5,2258
1128,1916,0.203,76.2,17481
2680,25448,1.369,11.4,39418
1096,1507,0.168,89.2,16368
3408,22856,0.802,19.1,53641
154,879,0.708,22.6,2279
567,750,0.19,76.1,8397
325,427,0.172,87.8,5055
755,1227,0.232,58.3,11506
178,531,0.432,36.0,2654
5370,13532,0.338,41.6,83573
330,954,0.366,40.9,4789
4686,13674,0.359,39.4,73790
677,2170,0.426,31.9,10583
6057,11891,0.231,64.8,94494
1168,1485,0.162,91.0,17472
5147,16194,0.393,37.6,76293
134,584,0.527,26.8,2042
2437,3749,0.191,85.5,37347
4703,5713,0.176,76.8,68436
220,327,0.172,93.8,3454
189,886,0.631,24.9,2913
669,3320,0.61,23.0,10528
4893,10473,0.254,58.7,77147
1096,1967,0.252,65.3,16692
1017,2332,0.29,53.2,15745
226,367,0.217,63.9,3473
138,539,0.567,26.2,2006
3065,6018,0.28,53.2,47581
193,347,0.23,69.2,2817
1619,3674,0.332,48.9,23873
4690,7440,0.193,71.2,71603
303,658,0.285,50.6,4524
1789,4972,0.36,40.0,26996
174,640,0.442,37.3,2721
1472,3434,0.323,47.0,21222
254,2465,1.336,12.1,3797
2463,3477,0.211,70.2,35595
447,599,0.182,86.1,6498
782,2121,0.343,41.9,12255
1350,11482,1.148,14.1,20866
251,299,0.15,98.8,3908
2506,8479,0.472,33.7,36395
451,2311,0.667,21.4,6534
1784,4861,0.36,43.3,26691
237,388,0.192,76.5,3714
1896,5524,0.373,36.5,29520
227,424,0.239,61.7,3302
734,1694,0.32,47.4,10560
340,1802,0.677,20.6,5260
2369,6432,0.354,39.7,37367
365,540,0.198,75.2,5574
4000,7635,0.223,65.1,62956
4509,22065,0.713,20.8,65494
287,1201,0.603,24.7,4312
1492,2420,0.206,67.7,22076
186,241,0.169,83.2,2818
607,1713,0.387,41.5,9252
2111,3535,0.22,63.6,32579
1806,8103,0.611,25.4,26385
1565,4551,0.388,38.0,23034
397,4459,1.387,11.8,6040
574,743,0.173,79.1,8775
189,537,0.347,46.1,2991
2124,3189,0.179,83.5,33314
969,1406,0.183,73.8,14358
2136,2570,0.169,84.6,32003
350,1059,0.412,35.7,5296
489,1964,0.542,26.7,7116
493,595,0.15,97.5,7393
145,255,0.218,74.6,2211
489,661,0.171,85.1,7593
3187,33524,1.32,11.2,46325
4494,12448,0.377,41.9,66913
971,1676,0.207,76.9,15186
803,5106,0.808,17.0,11882
149,311,0.256,61.1,2256
4285,10518,0.307,48.6,62340
146,1261,1.2,11.6,2104
5424,17310,0.458,31.2,80562
924,2573,0.383,35.6,13557
485,2964,0.727,20.1,7620
4986,8467,0.213,66.8,74344
150,489,0.46,31.8,2200
1296,3852,0.436,35.0,19447
1152,1482,0.173,90.8,17125
326,690,0.294,52.0,4716
692,1684,0.343,45.3,10707
1641,2909,0.214,75.1,25657
2336,2886,0.175,91.9,34387
138,1354,1.312,12.3,2005
5389,9966,0.277,50.3,78111
257,447,0.219,65.0,3806
343,1014,0.388,38.7,4987
381,502,0.183,79.5,5606
148,169,0.143,97.4,2318
221,229,0.151,94.9,3236
6117,25169,0.484,33.9,94800
445,1740,0.479,30.4,6863
207,254,0.153,96.2,3139
198,372,0.264,51.3,3039
2185,8211,0.545,28.7,33371
3649,5763,0.2,73.6,56613
356,984,0.388,35.6,5464
137,552,0.482,34.1,2170
318,418,0.178,89.1,4786
170,768,0.637,24.6,2494
207,1420,1.037,15.8,2997
744,2557,0.43,34.2,10818
325,649,0.242,64.6,4916
1026,4669,0.67,21.1,15052
351,774,0.297,52.4,5391
5048,7897,0.204,66.5,79245
4695,5334,0.161,86.4,69215
1242,4805,0.481,30.7,18366
549,676,0.162,83.6,8001
599,2316,0.478,31.1,8883
644,1144,0.213,70.9,10017
2377,5703,0.315,48.8,34448
790,4131,0.679,20.3,11704
3923,5791,0.189,74.3,57093
5503,21589,0.518,29.6,80356
486,2085,0.598,25.9,7443
1144,2966,0.321,42.2,17932
187,319,0.22,68.8,2900
280,1226,0.51,31.1,4381
654,2609,0.517,26.5,10080
297,2751,1.353,10.9,4480
4280,8115,0.276,52.4,61699
256,672,0.334,48.6,3714
809,2940,0.453,31.0,11890
1357,10899,0.975,14.8,21384
1965,4545,0.333,48.6,29956
607,724,0.179,80.9,8950
3846,6055,0.203,74.4,59924
1268,1579,0.155,87.5,18475
774,9078,1.515,10.9,11161
170,232,0.165,97.0,2601
838,2386,0.378,40.7,12317
3190,3668,0.138,99.1,49594
1503,4473,0.419,32.7,22136
3292,6776,0.289,52.4,51861
888,2567,0.343,41.9,13814
216,548,0.366,42.0,3179
143,196,0.178,85.8,2109
442,701,0.208,77.2,6549
2040,2064,0.144,99.3,30682
2986,4828,0.234,65.2,44020
435,940,0.306,51.7,6360
970,6043,0.827,18.1,13903
719,756,0.16,99.7,10387
683,1139,0.233,59.6,9965
336,548,0.215,73.0,4944
229,558,0.35,46.6,3409
276,487,0.244,59.3,4317
160,186,0.154,94.8,2483
298,1144,0.551,25.0,4341
142,453,0.425,36.3,2073
1568,8143,0.64,23.7,23266
456,520,0.168,81.3,6895
5717,49174,1.011,15.6,90027
279,1940,0.922,17.3,4267
511,1758,0.44,36.9,7737
539,1167,0.269,56.3,8109
143,334,0.319,46.6,2067
3415,28167,1.149,14.0,53311
151,160,0.153,96.2,2266
5205,6760,0.162,95.8,79134
4584,13538,0.437,35.1,65559
1122,1587,0.193,75.8,16250
1111,1832,0.222,62.1,16771
1806,5360,0.432,31.4,25809
606,2115,0.44,33.6,9091
1621,3628,0.276,54.2,25155
159,410,0.335,47.7,2382
160,490,0.407,36.2,2470
808,980,0.173,82.7,11963
1194,2404,0.279,53.3,17172
4421,7068,0.206,68.9,64477
196,778,0.509,27.0,3011
3263,6519,0.239,58.0,49967
290,768,0.374,38.6,4548
609,1212,0.236,57.4,9344
441,632,0.176,80.3,6901
637,1022,0.2,79.2,9569
245,590,0.339,41.9,3603
980,1370,0.191,72.5,14341
2933,4207,0.173,94.7,46025
738,1371,0.232,66.3,11250
889,3859,0.586,23.4,13632
3543,5134,0.192,71.2,55342
2082,12896,0.789,19.4,31666
890,1264,0.171,88.5,13623
370,656,0.243,56.5,5480
4413,9817,0.317,44.7,63752
1268,11100,1.076,15.1,19114
324,846,0.344,44.3,4750
368,454,0.162,91.3,5731
3208,25289,1.199,11.9,46294
152,327,0.264,52.7,2377
6264,7377,0.157,93.8,96953
213,543,0.357,45.5,3330
2945,6472,0.281,48.5,45032
627,1199,0.265,62.1,9370
959,1814,0.273,51.7,13717
4302,18261,0.585,25.2,62694
662,6132,1.168,11.7,10058
1100,1838,0.235,64.9,16376
163,178,0.161,92.9,2425
138,787,0.792,19.6,2018
355,1238,0.522,29.0,5211
1924,5053,0.339,43.3,28662
217,333,0.19,82.8,3214
213,638,0.397,34.2,3121
641,806,0.169,89.4,9982
1630,10933,0.926,14.9,25216
2202,2399,0.156,94.7,32420
277,498,0.263,60.5,4019
180,264,0.201,69.3,2730
5533,13779,0.378,43.1,79202
359,601,0.201,80.4,5544
3724,17901,0.59,25.0,56343
3860,28146,0.939,14.4,58624
2855,6520,0.348,45.6,41069
252,381,0.186,86.8,3871
3310,4087,0.18,77.9,49801
2618,5367,0.287,56.5,40547
1379,2631,0.264,61.5,20646
516,2536,0.688,21.7,7480
365,502,0.186,85.7,5585
221,275,0.184,80.8,3221
1019,1490,0.22,69.1,14692
1259,2944,0.278,52.0,19741
557,572,0.144,96.8,8157
835,1070,0.177,89.1,12842
534,821,0.199,68.0,8291
1653,3905,0.351,43.5,24551
4623,8500,0.245,65.6,67958
250,413,0.229,61.8,3797
565,1445,0.319,45.5,8892
240,720,0.406,37.6,3470
1572,3738,0.305,46.6,23056
2255,4261,0.26,61.7,34622
5106,11439,0.301,48.5,76616
378,1470,0.452,33.7,5954
5398,7771,0.181,78.5,82301
171,330,0.236,57.8,2561
1413,10007,0.871,16.1,21160
161,404,0.316,43.1,2500
4521,5227,0.166,89.6,65997
1038,1634,0.196,78.0,15891
1843,4972,0.349,39.1,27430
3370,3839,0.146,94.4,51742
238,1656,0.885,16.9,3600
150,195,0.165,96.5,2325
4206,14971,0.479,32.1,62261
453,4303,1.277,10.8,6856
210,496,0.33,49.0,3312
794,2576,0.384,42.3,12500
1380,2757,0.247,58.5,20774
145,216,0.188,81.7,2257
394,487,0.175,85.8,5862
150,364,0.354,46.1,2273
701,1438,0.309,48.7,10355
4622,21293,0.702,23.3,66340
6247,44833,0.987,14.3,93438
1657,2433,0.215,67.7,24174
257,1798,1.003,15.8,3763
4807,7498,0.208,76.0,69189
975,2206,0.268,58.5,15070
251,990,0.577,27.9,3649
5107,9744,0.267,58.6,73623
2553,12377,0.582,26.5,38721
2290,5716,0.301,49.5,35008
2233,2827,0.182,82.0,32055
295,602,0.285,51.6,4379
300,1422,0.657,23.4,4565
2026,2693,0.196,75.1,29540
308,1218,0.52,26.8,4724
717,973,0.181,76.5,11125
2853,6845,0.306,53.1,42621
2882,5432,0.267,50.8,42947
810,983,0.159,86.6,11778
2944,4270,0.201,73.8,44354
3657,29860,1.102,13.0,53189
1694,5345,0.402,36.7,25910
328,396,0.157,88.4,4887
378,3257,1.193,11.6,5842
451,882,0.269,59.1,6853
218,313,0.209,75.5,3158
377,618,0.209,66.0,5822
312,410,0.198,78.4,4539
774,1212,0.204,75.3,11874
4442,6937,0.216,72.3,69893
192,258,0.178,83.9,3009
2286,3647,0.21,68.1,33476
1914,4844,0.335,46.2,29424
196,387,0.279,52.5,2908
5022,7180,0.19,74.5,73867
1213,1605,0.166,88.9,18486
551,1805,0.458,34.5,8298
2547,6776,0.366,40.8,38580
381,432,0.154,93.8,5473
1973,4246,0.258,62.1,30149
150,681,0.618,26.1,2336
3509,5836,0.212,69.7,53353
782,920,0.147,99.2,11546
1641,2184,0.182,84.1,24140
330,405,0.177,77.1,4752
1956,7920,0.542,28.7,28272
2677,3315,0.178,88.9,41024
845,1586,0.256,57.3,12735
1531,1661,0.156,90.0,22414
827,1928,0.342,39.7,11921
4333,30580,0.989,15.6,66079
929,1988,0.271,52.8,14024
3733,12760,0.434,34.3,53856
3021,4426,0.197,74.4,45973
663,661,0.146,96.1,9964
341,534,0.208,72.2,4919
672,817,0.166,89.8,9793
3291,8013,0.303,50.8,50669
319,450,0.179,79.4,4872
1022,1385,0.165,85.9,15560
3251,4683,0.216,74.0,46834
557,1042,0.28,55.7,7972
1689,2847,0.238,66.3,24667
347,495,0.19,73.0,5228
194,719,0.432,32.8,3066
3041,4444,0.184,82.9,44736
194,266,0.168,95.5,2945
390,851,0.312,51.9,5782
3822,6492,0.219,73.1,56732
516,676,0.179,76.3,7756
6266,11209,0.229,69.6,89992
5864,11907,0.273,59.2,92378
388,405,0.153,89.3,5712
155,367,0.293,50.4,2347
2147,16042,0.975,15.5,31543
791,1025,0.165,86.0,11674
188,294,0.213,70.7,2966
2077,3205,0.187,86.4,31848
145,838,0.717,22.5,2259
3878,39627,1.278,12.8,60182
234,277,0.159,94.1,3440
213,1095,0.632,23.3,3291
264,365,0.187,82.9,3976
5562,6956,0.175,84.1,85603
2023,2802,0.185,73.8,30109
3132,17321,0.718,21.8,45976
621,902,0.205,70.1,9475
502,533,0.152,90.0,7454
344,730,0.281,48.3,5005
838,2158,0.345,47.2,13111
1179,2312,0.286,49.9,17320
1550,10884,0.853,17.4,23680
350,461,0.181,90.3,5468
5478,6693,0.169,88.2,81802
251,263,0.138,99.8,3885
6015,10521,0.242,62.7,87427
134,182,0.177,77.6,2119
840,3470,0.488,28.2,13135
492,870,0.229,70.1,7369
779,1181,0.21,68.5,11589
1271,1544,0.171,91.1,18645
715,974,0.177,84.8,10992
698,689,0.15,94.5,10135
2449,3255,0.171,88.2,35148
1950,2148,0.155,88.2,29262
3562,25019,0.924,15.7,52087
355,490,0.175,86.1,5317
1384,2536,0.219,64.7,21707
1292,3222,0.35,44.2,19735
543,3873,0.905,15.1,8495
936,1293,0.211,71.0,13391
442,1432,0.396,39.5,6825
235,493,0.284,52.1,3483
301,485,0.226,71.4,4616
204,263,0.167,92.1,3022
1873,2716,0.194,84.3,28943
1818,3474,0.284,50.6,26520
5281,14860,0.363,44.9,82429
2406,7978,0.485,31.6,34732
169,483,0.362,43.5,2451
4314,25054,0.811,20.0,63582
3727,4611,0.156,97.4,58437
733,1610,0.261,61.7,11329
1366,6811,0.703,21.5,19787
5841,16209,0.366,41.8,91066
1033,1873,0.25,59.2,16047
4623,9029,0.24,58.0,69046
180,1685,1.149,13.2,2767
273,342,0.172,95.6,4223
753,2471,0.456,34.8,11216
1296,14659,1.374,11.5,19702
3131,22437,0.914,16.9,48727
6389,11289,0.234,62.2,95511
603,2947,0.625,22.4,9155
164,1305,1.03,13.8,2407
2941,7648,0.306,44.2,45940
1435,2650,0.235,66.0,21274
288,1876,0.794,20.1,4348
915,2761,0.375,38.2,13858
2367,4801,0.289,47.6,36491
2587,11204,0.596,24.4,40732
974,1968,0.259,55.5,14121
432,2512,0.841,17.7,6600
6124,48129,1.007,14.2,90237
1866,3665,0.256,56.8,26795
662,2437,0.502,32.3,9876
395,2270,0.78,18.6,5991
2274,5399,0.329,48.2,34926
358,390,0.166,92.4,5158
265,396,0.193,75.2,3915
1077,1390,0.191,83.4,15892
411,584,0.173,88.5,6218
1614,1557,0.139,97.5,23416
216,292,0.174,78.7,3172
1691,2876,0.243,64.8,25927
407,1055,0.346,42.9,6058
132,542,0.559,26.3,2001
208,288,0.194,71.8,3286
5300,5581,0.14,99.5,77128
3818,9889,0.305,52.1,59516
332,478,0.213,75.1,4987
2755,5577,0.278,54.6,42020
1418,3312,0.294,48.9,21625
5935,16647,0.347,46.9,89241
603,1122,0.277,55.4,8625
1899,4855,0.369,43.0,28761
165,201,0.175,77.4,2564
635,744,0.167,88.7,9424
5634,7146,0.18,89.5,86801
1054,3810,0.476,30.5,16471
392,527,0.173,90.6,6167
203,605,0.38,40.7,3201
2075,5369,0.369,37.8,31354
1649,2596,0.21,75.4,24924
557,1439,0.37,37.4,8636
5658,41546,1.062,14.8,82537
140,401,0.378,43.6,2181
455,662,0.219,74.9,6562
4938,15738,0.403,39.4,73434
445,747,0.227,66.7,7019
374,630,0.224,69.4,5365
1057,1658,0.206,76.0,16167
3329,3725,0.149,90.7,50193
195,434,0.282,48.9,2994
5456,22260,0.612,25.0,80019
2986,7174,0.349,38.7,44857
260,651,0.332,48.9,4064
2075,3212,0.202,74.3,32412
614,5674,1.277,11.2,9017
626,1908,0.382,38.4,9649
2752,3859,0.2,80.2,42836
5763,10918,0.231,70.4,86451
225,280,0.183,75.9,3282
675,938,0.191,83.1,10367
855,1342,0.189,80.5,13126
600,839,0.214,71.4,8717
532,1452,0.32,49.6,8280
165,160,0.144,98.5,2453
2036,3329,0.247,61.2,29223
759,2673,0.512,28.2,11019
273,802,0.379,36.4,4285
3187,4661,0.191,72.4,48690
2969,3173,0.149,93.2,46190
934,3607,0.588,26.1,13408
449,2311,0.794,17.4,6428
1575,1965,0.17,89.3,24273
418,553,0.165,92.4,6174
347,1144,0.465,34.9,5035
2261,6417,0.35,44.0,34845
151,260,0.237,69.4,2341
183,452,0.342,39.7,2897
135,182,0.176,88.9,2053
252,1335,0.69,19.7,3638
181,1653,1.169,13.4,2619
6313,25295,0.51,28.8,98371
400,1272,0.429,35.7,6190
236,1182,0.716,20.2,3586
351,2330,0.878,15.9,5134
5250,7480,0.201,78.0,77889
1021,5349,0.654,24.8,15302
560,647,0.152,92.3,8333
3898,12315,0.377,43.1,60939
623,940,0.198,70.4,9377
518,2027,0.519,30.3,7416
287,1117,0.518,31.6,4499
585,990,0.226,61.7,8767
450,764,0.245,60.5,6903
1894,2648,0.183,79.2,28297
416,586,0.188,78.2,6209
1285,2251,0.224,70.4,19128
178,415,0.307,50.4,2588
278,394,0.182,90.2,4226
657,954,0.213,66.0,9844
4954,6444,0.153,99.1,78140
600,700,0.177,83.7,8749
1748,16561,1.162,14.0,26870
373,940,0.348,38.9,5425
214,468,0.268,61.5,3287
159,248,0.199,74.9,2514
425,878,0.258,59.5,6605
259,325,0.181,80.8,3705
258,938,0.453,35.4,3950
2512,10664,0.572,26.6,39222
136,1158,1.043,14.9,2127
1159,2086,0.251,61.6,17730
561,934,0.203,72.0,8825
968,2426,0.349,39.4,14509
1171,2109,0.244,65.2,18082
455,3539,0.978,14.7,6814
407,2856,0.847,18.9,6344
2332,3832,0.209,73.2,35241
4068,11067,0.338,43.1,60437
270,429,0.217,70.4,4248
193,254,0.182,84.9,2930
4381,5788,0.18,86.7,67043
510,2365,0.626,25.5,7861
1164,2169,0.26,53.8,17286
549,911,0.215,76.1,8163
220,288,0.185,79.7,3271
1291,1914,0.199,80.6,20057
1017,3669,0.464,30.5,15603
286,1032,0.497,27.3,4424
784,1374,0.241,63.1,11714
3000,3886,0.189,76.7,45187
1320,4666,0.425,38.7,20144
200,1001,0.711,19.4,2922
1091,1671,0.183,74.5,17064
2182,5798,0.369,37.0,31258
2849,11907,0.567,25.0,44443
1605,7194,0.654,23.3,23435
239,739,0.392,38.3,3634
2223,4039,0.23,63.3,32180
1806,4317,0.326,42.3,28301
144,1216,1.197,11.9,2200
656,3673,0.751,18.7,10013
514,1567,0.435,36.1,7357
1917,3324,0.228,69.4,27437
300,1942,0.839,18.9,4658
1362,2498,0.271,60.5,20179
4764,29990,0.777,20.8,71209
2918,11405,0.516,29.0,45339
4740,21982,0.578,25.5,73545
6428,48089,1.012,16.1,91935
138,206,0.218,70.4,2085
1466,2863,0.278,51.7,22858
651,826,0.179,84.8,10056
3763,27492,0.872,18.9,57795
357,1976,0.697,23.0,5356
6088,16414,0.382,37.6,92847
1464,2339,0.207,78.9,22064
2873,9990,0.438,37.5,44588
183,381,0.304,46.8,2795
261,880,0.436,37.1,4099
2691,18995,0.938,17.2,38862
140,147,0.144,94.5,2179
3340,6828,0.261,59.4,48851
138,194,0.178,80.9,2112
1738,2641,0.224,69.3,26149
544,1289,0.289,56.3,8342
1486,8203,0.83,18.1,21874
2099,3564,0.217,67.8,30448
498,2503,0.678,24.0,7636
198,550,0.347,47.3,3051
178,285,0.205,66.6,2626
1294,1937,0.202,80.4,20026
1036,1428,0.192,71.7,15332
2333,3764,0.206,70.4,36476
991,5034,0.674,23.4,14691
697,1924,0.385,41.2,10441
608,5896,1.131,13.9,9492
150,211,0.182,74.8,2218
492,515,0.145,95.7,7432
5898,22601,0.483,33.8,91045
4005,23117,0.768,17.9,60978
483,1011,0.26,52.8,7254
1274,1769,0.184,87.1,19937
3836,6666,0.258,59.7,55025
761,5233,1.024,14.2,11239
137,168,0.143,97.7,2145
184,248,0.191,84.6,2676
964,5241,0.754,21.8,14728
5972,6503,0.147,93.0,88731
1962,4327,0.3,50.6,30114
180,410,0.329,43.5,2639
285,666,0.311,51.5,4195
2739,3194,0.171,85.1,40877
3492,6076,0.226,69.4,53778
1457,10800,0.986,15.3,22411
1639,1969,0.157,96.2,24882
143,743,0.69,23.3,2234
3353,5013,0.193,77.1,51130
2965,4772,0.238,67.3,43680
379,1458,0.543,26.9,5509
2097,8379,0.553,25.4,31992
300,385,0.168,88.3,4635
161,360,0.314,47.8,2341
304,488,0.217,68.9,4392
265,593,0.288,55.4,4022
476,741,0.201,75.5,7496
698,1464,0.304,53.1,10279
1002,3116,0.419,35.9,14622
819,2342,0.332,42.7,12912
388,429,0.159,87.3,5766
150,316,0.309,52.1,2241
1405,4756,0.468,29.2,21334
642,680,0.147,94.1,9405
425,518,0.168,81.7,6433
4031,31194,0.984,15.0,59420
2479,2801,0.151,99.9,37129
3725,5085,0.187,72.5,57325
934,4656,0.616,24.4,13867
227,723,0.468,31.3,3337
2127,3081,0.219,72.3,30471
294,423,0.199,80.2,4478
716,2538,0.494,31.5,11237
180,610,0.45,33.1,2579
3407,9133,0.376,37.6,50489
227,430,0.251,63.8,3273
4382,20548,0.57,25.5,68448
3857,20936,0.752,19.4,58793
790,1412,0.229,71.1,12312
2534,3785,0.205,80.1,36786
1561,3563,0.294,55.1,22565
3086,8082,0.386,42.7,46284
699,1718,0.329,48.9,10830
2776,8086,0.347,45.0,43260
821,862,0.149,96.4,12210
5295,7609,0.207,79.1,79378
911,3821,0.561,28.7,13407
798,1873,0.319,44.6,12218
2847,5439,0.254,59.0,43136
3158,5569,0.21,65.2,49758
1179,2757,0.314,52.1,17502
267,372,0.184,82.9,4041
865,1072,0.18,79.1,12466
5967,12109,0.259,55.5,88258
2510,3772,0.189,86.9,38047
3109,4472,0.198,77.6,47771
157,202,0.184,80.1,2274
791,1029,0.156,96.1,12471
1644,4949,0.406,34.0,25096
3580,10154,0.403,34.1,51431
164,200,0.17,90.0,2425
3755,4949,0.189,79.5,56143
1105,1291,0.156,93.4,17090
298,2224,0.969,15.7,4327
447,712,0.206,66.5,6918
391,2120,0.71,23.0,6025
1031,1930,0.26,55.4,15956
157,653,0.571,24.0,2448
259,1099,0.651,21.5,3718
3236,26955,1.243,11.1,48058
227,352,0.21,66.7,3359
347,852,0.349,42.3,4983
764,4542,0.807,19.5,11784
958,3043,0.367,39.1,15121
2670,11413,0.587,25.2,39662
767,1046,0.172,94.8,11508
2923,7677,0.371,38.8,43952
1432,4229,0.397,40.1,22468
206,257,0.163,85.6,3113
240,341,0.205,68.3,3686
720,1004,0.201,73.9,11054
612,926,0.211,67.2,9447
2403,2950,0.17,95.2,36668
1273,4649,0.477,28.6,19394
597,731,0.154,99.0,9129
272,338,0.181,84.8,3900
337,500,0.217,63.0,4857
1276,2280,0.225,69.6,19001
732,1065,0.218,68.4,10481
1048,7974,1.027,15.3,14992
256,1142,0.539,29.6,3899
1773,1897,0.15,96.5,26747
3916,6631,0.257,58.1,56165
369,974,0.324,44.1,5486
885,1171,0.179,78.6,13680
6172,10242,0.236,57.2,90870
476,5379,1.465,11.2,7365
1345,1886,0.194,76.3,20511
184,278,0.178,75.9,2846
1390,5291,0.544,24.9,21410
179,210,0.149,96.1,2839
5900,19331,0.449,30.2,85259
2147,4664,0.286,51.2,32879
2790,14762,0.673,20.3,43660
2008,3652,0.212,64.3,31425
1346,3825,0.354,43.8,20089
813,2170,0.388,41.8,11625
3694,5063,0.174,84.4,57461
5405,56034,1.474,10.9,84462
933,1148,0.166,81.8,14088
5132,9196,0.258,61.4,76503
1279,1415,0.139,98.7,19592
1073,1970,0.254,63.0,16433
783,6694,1.078,15.0,11835
296,2377,1.089,14.6,4535
140,196,0.178,89.5,2029
327,450,0.177,85.7,5144
953,2726,0.348,41.1,14690
607,1066,0.235,65.6,8842
796,1735,0.274,54.1,11560
5940,6769,0.139,97.0,92709
549,643,0.156,95.5,7872
797,876,0.157,98.5,11729
219,259,0.154,88.0,3371
160,193,0.167,91.9,2412
2712,9817,0.523,29.6,41536
1199,1601,0.165,84.8,18646
2559,3722,0.2,73.8,39214
241,298,0.17,96.7,3594
1289,2357,0.263,61.4,18730
354,2114,0.834,17.7,5394
320,508,0.228,63.8,4880
139,195,0.193,71.8,2092
225,695,0.456,29.8,3330
458,1069,0.317,45.5,6706
206,364,0.256,63.9,3159
6362,19301,0.375,43.7,94618
441,1332,0.364,43.7,6689
226,1059,0.662,22.0,3330
280,305,0.147,94.7,4357
1296,1809,0.197,77.5,19930
170,2120,1.527,10.1,2569
4043,5560,0.187,78.9,58382
5776,8939,0.203,76.6,86017
366,4100,1.447,10.9,5251
744,2306,0.366,43.3,11633
144,269,0.232,64.6,2180
1621,4045,0.313,50.7,24523
680,921,0.17,80.0,10098
395,995,0.322,48.3,5752
309,1302,0.596,23.8,4492
1751,2067,0.146,97.9,25834
688,2300,0.433,31.8,10189
281,371,0.189,74.6,4038
1952,10544,0.72,22.9,29635
1256,3522,0.372,39.6,18241
3996,9147,0.327,49.8,57529
210,864,0.512,27.3,3166
2948,5616,0.279,50.5,43236
1835,9475,0.628,24.1,27881
201,363,0.241,60.3,3136
2037,3120,0.221,69.7,30304
727,5699,0.945,15.6,11251
5352,6888,0.18,88.4,80636
240,1031,0.555,26.7,3480
1580,5959,0.503,30.3,24727
566,1007,0.208,69.5,8912
5690,11922,0.299,52.2,84455
476,935,0.281,54.9,7271
5702,31989,0.682,21.5,86249
4491,5510,0.174,82.5,68018
368,734,0.234,65.5,5759
2937,18171,0.736,22.2,46368
6814,14336,0.318,43.7,98295
348,509,0.192,82.9,5373
730,1249,0.247,61.2,11043
1068,5634,0.762,19.8,15303
436,1157,0.376,43.5,6340
135,520,0.481,31.8,2123
315,732,0.283,56.6,4731
410,492,0.175,85.9,6026
771,1584,0.289,49.3,11342
267,631,0.318,49.0,3905
4043,5060,0.178,91.5,60906
2033,4255,0.259,61.9,31524
185,316,0.231,61.0,2791
1721,5967,0.43,33.6,25440
1738,3078,0.233,64.7,25797
5376,10082,0.246,61.8,84259
129,325,0.308,45.7,2023
368,403,0.143,99.2,5275
4851,7054,0.177,89.4,75391
5007,7397,0.203,77.5,76682
2294,4523,0.274,58.4,33518
2642,6258,0.316,51.6,39998
184,757,0.541,26.6,2860
992,3078,0.429,37.5,14931
332,505,0.195,79.7,4948
269,590,0.322,50.8,4063
3307,3654,0.16,89.4,47611
221,966,0.614,23.3,3391
847,1621,0.28,55.8,12509
5039,8966,0.239,68.2,78640
272,615,0.283,56.5,4137
6264,8740,0.174,90.0,91751
6339,7258,0.148,99.1,97790
1182,6519,0.766,20.4,17579
250,1520,0.733,21.7,3891
440,2281,0.725,21.7,6887
703,1052,0.218,71.3,10525
454,1018,0.313,43.5,6707
384,604,0.204,76.0,5995
6230,15266,0.321,46.5,89705
236,487,0.246,66.5,3644
2259,3425,0.193,79.3,35231
129,258,0.258,59.3,2003
1328,2733,0.281,58.6,20602
4602,27373,0.768,17.9,71976
423,1020,0.305,47.0,6169
275,529,0.262,59.1,4132
1687,3377,0.28,51.6,25598
2263,2508,0.16,91.1,32487
1941,2613,0.177,91.6,29510
449,645,0.181,84.0,6974
349,834,0.315,43.8,5364
5464,8566,0.194,74.6,84160
4937,11345,0.301,45.6,74077
781,3030,0.49,30.9,11967
3658,10081,0.343,40.9,54788
795,6175,0.981,16.4,11735
720,1891,0.382,39.9,10520
251,502,0.266,51.5,3692
686,829,0.15,96.0,10604
1049,3055,0.402,38.2,16371
146,185,0.159,91.2,2184
734,2614,0.492,30.6,11364
2716,13447,0.597,27.2,42513
1912,3420,0.257,56.7,28602
1572,2587,0.206,70.5,23996
4799,37223,1.141,14.0,70200
140,506,0.484,29.9,2146
1234,2210,0.269,51.0,17678
2976,7327,0.353,39.8,43522
1059,2010,0.22,74.1,16624
473,952,0.291,56.0,7100
228,970,0.58,24.4,3408
4378,5585,0.168,90.5,64412
840,2217,0.383,36.4,12613
4131,5859,0.205,75.8,62075
1301,1610,0.175,80.2,19786
1821,2030,0.141,96.7,27955
3238,7323,0.291,54.9,46499
1725,3106,0.221,65.4,26358
605,1792,0.344,40.1,9491
961,1706,0.225,71.0,14916
3195,7717,0.305,51.7,46278
580,1305,0.315,49.4,8626
625,838,0.187,87.0,9129
199,1468,1.031,14.5,2908
4927,5057,0.155,89.4,71594
191,240,0.158,86.7,2855
1629,2972,0.26,55.6,25253
647,1339,0.254,54.1,10070
656,1702,0.355,42.6,9776
1877,1751,0.136,99.5,28547
174,923,0.741,20.0,2600
1360,2198,0.222,63.1,20404
2760,4585,0.205,71.4,40991
3245,4348,0.165,94.1,51066
247,356,0.181,80.2,3897
4561,6621,0.214,67.9,66944
1683,10231,0.803,20.5,26049
4263,10251,0.359,43.6,62990
894,4697,0.669,22.5,13350
1164,1326,0.171,89.3,16669
5019,7359,0.198,77.5,72853
4467,6102,0.174,78.2,67600
778,1123,0.2,68.7,11546
375,833,0.278,55.6,5851
613,3044,0.621,23.5,9311
621,1471,0.344,39.7,9116
414,2020,0.645,22.3,6143
380,552,0.185,75.2,5719
3746,18766,0.665,24.4,58069
180,236,0.193,73.2,2628
1845,2612,0.193,72.3,28331
270,639,0.3,51.3,3932
518,2540,0.68,22.2,7697
167,465,0.397,38.3,2544
365,1005,0.382,38.8,5750
2622,3859,0.204,73.0,40416
4417,23094,0.783,20.2,63774
327,397,0.167,84.6,4757
823,1112,0.187,78.5,12262
836,4114,0.612,26.8,12592
4125,6178,0.188,74.7,60982
2626,4030,0.205,70.2,39536
1006,1459,0.182,77.3,14884
1803,6857,0.502,27.0,27580
3793,16745,0.592,24.2,55037
141,422,0.436,31.3,2076
633,1432,0.325,42.9,9672
4791,5807,0.179,81.4,69567
2410,3053,0.177,76.4,36207
1078,1483,0.169,93.3,16722
1014,7718,1.04,15.3,15881
530,4818,1.335,11.0,7796
1058,1876,0.226,72.9,15324
1784,5959,0.442,35.1,25972
695,2006,0.393,40.1,10275
2100,3570,0.238,59.2,32685
3716,25912,0.833,19.2,58108
240,406,0.241,67.8,3662
807,2164,0.362,39.3,11700
688,1185,0.232,66.9,9868
1912,2670,0.185,85.1,29445
363,1632,0.568,25.4,5315
1644,1772,0.159,93.8,24479
3934,7863,0.239,57.8,61923
687,781,0.151,93.1,10266
4850,17209,0.477,28.7,70602
6345,12590,0.236,64.4,97361
209,510,0.332,46.3,3028
323,537,0.204,79.7,4977
5257,8983,0.234,64.5,82356
5471,11818,0.262,54.5,84957
201,228,0.148,92.2,2931
140,426,0.368,43.9,2120
257,1023,0.501,29.8,3756
6583,11265,0.243,64.7,98452
269,411,0.205,66.2,4044
981,2335,0.302,49.5,14283
3656,7646,0.269,53.8,55267
148,151,0.141,96.4,2166
1362,2044,0.208,75.9,21283
399,2161,0.754,20.0,5911
3969,15024,0.498,29.1,58359
420,520,0.163,97.8,6062
1903,2859,0.197,75.4,29363
1883,1863,0.146,92.4,27958
315,1067,0.437,37.3,4757
150,230,0.186,76.8,2291
635,1066,0.215,74.3,9915
398,1469,0.437,36.5,6199
3264,5398,0.235,59.6,47365
3129,5537,0.225,66.5,45795
787,1614,0.256,53.3,11953
1477,2020,0.172,84.4,21452
1358,2078,0.185,85.0,21264
3432,4025,0.164,86.6,50856
728,958,0.168,82.3,10546
404,846,0.279,53.9,5874
371,896,0.341,44.3,5640
1112,1355,0.183,84.8,16293
767,1644,0.292,54.1,11590
771,2865,0.484,32.2,11188
191,421,0.288,55.7,2856
2276,10405,0.622,22.8,33259
294,437,0.211,72.2,4614
290,772,0.362,40.2,4321
673,2293,0.49,33.5,10052
328,372,0.154,96.1,4875
1334,2209,0.205,79.9,19633
594,899,0.196,80.8,8553
794,1318,0.237,66.1,11580
1059,1458,0.175,85.5,16355
305,419,0.189,78.3,4434
235,401,0.236,63.9,3678
4226,5124,0.149,96.5,62638
755,3198,0.595,27.2,10912
641,839,0.167,94.9,10026
158,408,0.345,46.1,2298
963,1692,0.257,57.6,14030
1165,5378,0.652,21.0,17480
1164,2216,0.265,58.6,17802
2099,3492,0.225,65.0,31787
279,303,0.161,99.8,4004
346,471,0.162,97.8,5364
3204,3573,0.144,97.0,47691
5195,16247,0.37,41.4,81328
220,285,0.157,99.2,3403
958,2173,0.298,51.0,14012
302,380,0.174,86.7,4622
176,622,0.481,29.5,2529
476,856,0.256,55.5,7145
234,264,0.163,96.9,3508
2043,2348,0.142,95.2,32150
1124,1830,0.221,71.5,16136
226,301,0.184,81.8,3510
138,634,0.63,25.9,2073
3114,4743,0.22,74.9,47213
263,490,0.236,65.6,3984
1448,9500,0.808,18.2,21427
506,2895,0.739,20.2,7472
1271,7541,0.714,19.8,19758
458,627,0.183,75.2,6875
192,864,0.67,22.8,2810
317,763,0.306,52.1,4784
268,673,0.339,42.1,4173
698,1292,0.248,59.5,10671
1700,2816,0.206,73.6,26268
360,687,0.227,71.6,5613
138,257,0.247,56.4,2096
1019,2282,0.274,51.8,15229
1365,3810,0.355,45.8,21389
5825,6216,0.156,87.6,86480
1403,3916,0.389,39.8,20068
881,3131,0.462,33.3,12633
1297,1808,0.191,76.9,18846
4910,13920,0.352,42.4,75423
3243,4805,0.186,86.2,51099
487,1264,0.354,39.5,7075
322,469,0.194,73.2,5059
361,2809,1.07,14.1,5587
963,2265,0.33,44.7,14388
2370,6758,0.372,40.9,36740
986,1480,0.195,83.5,14321
178,232,0.167,97.0,2607
2318,4359,0.276,51.5,33913
3219,4045,0.171,84.2,46811
402,584,0.192,73.0,6206
1832,2286,0.168,97.1,26875
697,967,0.177,83.0,10611
4392,27098,0.875,17.0,64806
3501,6341,0.214,74.2,54581
1062,2194,0.258,58.2,15621
2088,16632,1.207,11.5,29914
4031,14971,0.454,32.6,63359
889,1043,0.166,93.0,13907
437,519,0.168,93.3,6811
2525,3924,0.188,81.9,38149
308,346,0.141,98.4,4730
628,769,0.175,82.6,9143
3932,43965,1.438,10.9,59139
2264,8176,0.45,35.9,34025
661,5575,1.069,12.8,9707
304,1545,0.738,18.5,4633
528,2224,0.52,29.7,8050
415,890,0.274,55.3,6077
272,328,0.162,86.3,3982
2323,3155,0.173,87.6,36637
344,620,0.251,65.5,5361
765,921,0.165,93.5,11820
594,1218,0.27,55.0,9048
6085,8881,0.178,90.0,93228
626,1361,0.278,50.9,9236
188,576,0.422,35.0,2734
183,245,0.163,92.5,2842
1353,3550,0.334,44.9,20169
1372,3115,0.294,55.3,20860
686,1763,0.363,39.6,10291
730,1030,0.196,69.7,10832
171,188,0.163,99.6,2469
974,7826,1.151,12.3,15087
920,1061,0.161,91.0,14406
242,2752,1.458,10.4,3590
198,522,0.384,42.8,3002
208,953,0.6,25.2,3243
190,309,0.19,78.2,2969
1456,12052,1.048,14.6,21722
281,621,0.274,59.8,4313
374,1114,0.437,36.5,5348
260,1289,0.636,22.0,3943
5490,8486,0.2,79.5,84793
3823,15722,0.542,29.6,56623
320,1256,0.517,30.1,4927
479,1613,0.445,34.8,7203
302,588,0.236,62.8,4546
909,1471,0.222,69.4,13699
148,1381,1.356,11.6,2159
1790,5972,0.437,31.8,27648
1073,2275,0.293,48.8,15483
4614,10892,0.353,39.9,67265
249,361,0.179,89.6,3804
2999,4394,0.192,80.9,46471
2889,4875,0.224,66.3,44314
215,670,0.395,40.4,3289
637,1074,0.214,73.1,9509
247,403,0.189,85.9,3891
376,547,0.216,63.5,5417
358,506,0.186,80.6,5601
1148,1659,0.202,77.4,17622
640,1236,0.23,61.5,10000
5301,15641,0.38,38.1,81507
225,335,0.191,77.1,3278
6083,27471,0.555,28.6,90220
319,465,0.187,80.2,4930
2843,3452,0.182,82.4,41126
517,644,0.176,84.0,7532
239,428,0.27,52.6,3500
3956,18267,0.595,27.3,57353
451,2304,0.762,19.0,6695
1755,2650,0.198,76.9,26327
1207,1312,0.155,89.8,18340
820,1232,0.216,68.6,12662
932,4669,0.706,23.0,13912
2429,3103,0.175,94.1,35081
189,189,0.147,99.0,2819
1896,3979,0.285,49.0,27305
4371,7821,0.227,63.5,66525
170,248,0.181,80.0,2507
234,378,0.202,76.3,3467
2237,2581,0.154,97.1,33003
748,4551,0.777,20.3,11065
628,1181,0.251,62.3,9697
219,342,0.197,72.3,3417
1014,1252,0.176,90.1,14521
208,287,0.181,88.7,3281
857,1052,0.156,98.0,12906
2624,5523,0.29,56.1,39663
361,501,0.187,84.8,5493
899,2014,0.315,48.5,13118
6620,17584,0.338,48.0,96924
2036,6394,0.466,32.8,29351
3546,4726,0.18,83.6,53761
680,805,0.148,98.7,10135
2793,8891,0.488,33.1,40327
163,1176,0.921,15.1,2343
225,312,0.179,83.4,3234
301,499,0.23,65.8,4426
619,781,0.157,96.4,9636
3472,14193,0.473,32.7,54692
533,3589,0.916,16.4,7750
1785,3127,0.263,54.3,25894
2190,15597,0.908,17.7,32072
1291,4232,0.461,33.6,19812
546,2899,0.753,21.3,8090
1251,4878,0.475,30.2,19117
506,2860,0.788,19.6,7630
182,237,0.163,95.9,2776
6749,20094,0.418,35.1,97224
213,551,0.319,50.0,3289
178,186,0.149,90.9,2654
4087,6588,0.215,71.0,62176
441,733,0.234,65.6,6513
1708,2484,0.205,73.5,25460
503,634,0.182,84.6,7244
592,701,0.157,89.0,9249
361,697,0.229,67.8,5576
523,620,0.161,90.1,7653
656,1263,0.255,58.2,9972
2158,6951,0.415,35.0,33496
986,1360,0.167,89.2,14794
5427,10811,0.262,58.7,80189
149,214,0.175,91.6,2356
934,7565,1.098,13.6,14312
1351,3089,0.316,45.8,19661
4888,5382,0.157,95.3,73184
154,602,0.479,32.5,2424
1229,1401,0.153,94.7,18853
3812,4553,0.154,95.9,56405
333,412,0.17,89.4,5152
4243,7157,0.237,60.7,61634
146,221,0.207,68.2,2154
2334,2584,0.158,88.3,35111
5345,6414,0.182,79.8,76977
1724,2577,0.205,66.7,26157
723,871,0.155,98.4,11141
161,240,0.196,71.7,2383
4913,5391,0.15,97.8,73160
825,5939,0.943,15.2,12590
147,772,0.684,22.5,2240
1961,4721,0.317,50.6,29717
859,2085,0.345,44.6,13172
221,300,0.188,80.4,3253
312,1379,0.634,24.5,4624
170,179,0.139,97.8,2573
1247,3595,0.362,38.4,18912
1499,3283,0.284,48.6,22794
943,2712,0.397,34.7,14463
3124,5290,0.23,62.1,48894
3780,26029,0.988,15.3,58057
1455,6459,0.59,23.5,22230
140,219,0.211,77.1,2102
2078,8621,0.6,26.8,30353
676,2842,0.526,31.2,10261
1272,1495,0.167,81.4,18276
1744,11430,0.873,18.4,25339
550,1303,0.322,49.4,7871
5001,49533,1.342,12.1,72302
227,668,0.366,41.2,3377
1862,2718,0.218,72.9,27663
130,700,0.754,18.1,2034
5075,5935,0.153,90.0,74470
209,227,0.151,91.9,3105
193,1328,0.835,19.4,2898
500,478,0.138,99.2,7358
571,1515,0.375,36.8,8623
309,2182,0.927,17.6,4625
1301,12465,1.322,10.5,19730
770,1886,0.344,46.8,11311
158,294,0.238,66.7,2286
481,1079,0.341,39.9,6984
3266,3811,0.159,85.3,47635
1883,2911,0.203,74.5,29703
2365,6561,0.397,41.5,34085
2000,3090,0.212,76.1,30697
467,477,0.152,94.6,6750
190,1068,0.798,18.4,2953
384,1244,0.391,37.5,5806
3538,8116,0.304,51.7,51785
6262,12952,0.265,54.8,92644
912,1494,0.237,58.8,13805
140,398,0.425,37.1,2077
231,374,0.212,70.1,3459
459,743,0.202,68.1,7050
1300,2409,0.256,62.0,19232
173,988,0.754,20.2,2682
5445,11068,0.283,52.9,80124
528,1432,0.369,42.1,8342
4758,10341,0.277,54.2,71036
2797,3319,0.166,93.0,42375
2510,5604,0.302,53.2,38414
1433,15128,1.363,11.3,21469
1570,3268,0.313,49.5,23222
1692,2337,0.183,83.9,24264
1611,2377,0.188,80.2,23399
1188,1980,0.249,56.2,17450
6308,21564,0.447,32.5,94823
2314,5174,0.3,51.9,35088
2655,4654,0.243,60.7,41786
3990,4631,0.147,100.0,60718
320,551,0.232,68.0,4649
182,266,0.186,72.5,2775
878,2013,0.286,54.2,13226
973,2555,0.357,41.9,14942
3340,4668,0.176,83.2,51260
723,1584,0.266,54.5,11350
1258,1227,0.141,99.5,18659
1042,2433,0.284,51.1,15721
156,1023,0.91,16.1,2322
1486,2399,0.207,71.4,22195
3503,29304,1.093,14.2,51032
253,846,0.457,32.5,3703
1400,3595,0.38,41.8,20454
1359,1961,0.201,76.6,20396
249,464,0.258,54.5,3801
225,1853,1.139,12.6,3241
5891,9234,0.21,65.5,92492
600,1635,0.347,47.0,9331
321,405,0.174,93.0,4868
263,440,0.25,55.0,3909
1726,2732,0.206,73.8,27243
1478,6112,0.552,29.7,21699
1662,2622,0.201,78.5,24797
187,255,0.2,74.9,2821
4362,4884,0.156,91.4,65935
612,5529,1.099,13.0,9170
438,1013,0.312,50.3,6814
781,1434,0.223,71.1,12205
600,3744,0.813,18.6,9198
3991,8002,0.295,47.0,58643
5099,6706,0.172,94.8,75825
436,1166,0.326,49.2,6555
3943,4462,0.141,98.7,58726
2852,19969,0.904,15.1,42541
4987,7742,0.203,74.6,76285
334,580,0.23,62.3,5230
1324,2419,0.261,55.0,19110
394,400,0.141,97.4,5854
3416,20571,0.755,21.7,50250
135,169,0.176,90.6,2042
1246,1703,0.192,72.2,18223
506,1800,0.484,33.3,7539
450,591,0.171,91.2,7067
1726,3342,0.298,48.6,24929
3656,5163,0.193,83.3,55934
1392,3683,0.34,45.0,21678
3599,5489,0.185,86.6,56304
383,632,0.222,67.3,5630
1038,4928,0.661,22.7,15263
792,1263,0.21,68.5,11654
145,582,0.539,27.2,2093
1159,2708,0.323,47.1,17661
1784,7902,0.645,25.3,26603
1366,13721,1.277,12.0,20261
2489,8597,0.48,29.1,35640
1222,2028,0.232,58.3,18694
181,372,0.301,53.3,2596
202,439,0.265,55.1,3154
1411,4754,0.447,32.3,20626
396,708,0.222,71.7,5864
187,301,0.223,73.4,2731
682,1822,0.373,42.2,10737
1116,1428,0.157,89.3,17490
461,742,0.216,68.0,7237
2253,3437,0.213,74.2,33498
1671,5408,0.464,35.0,24818
510,5801,1.641,10.1,7353
2547,3494,0.171,87.9,38329
1613,2441,0.19,84.0,25301
1567,7218,0.647,21.1,24211
1104,2914,0.329,43.7,17429
143,225,0.21,69.5,2091
2097,3928,0.239,68.7,30505
609,721,0.155,87.4,8707
5279,23240,0.638,22.6,79890
3113,8809,0.335,48.7,49063
1293,6975,0.769,18.8,19929
360,785,0.315,45.1,5363
309,2826,1.381,11.4,4437
484,614,0.173,90.8,7574
827,1777,0.26,57.4,12903
433,624,0.189,86.5,6368
1016,7128,0.917,15.4,14992
248,1103,0.533,30.5,3819
6301,21199,0.473,33.3,91650
195,447,0.326,44.8,3050
5325,7622,0.194,82.3,76625
4612,11879,0.31,44.8,71313
997,4180,0.489,28.4,15617
2236,17042,1.028,15.8,34090
711,4709,0.804,17.2,11011
1572,2168,0.172,78.4,23520
514,1032,0.293,50.0,7579
432,611,0.183,75.4,6496
1300,2022,0.225,71.4,19205
923,5092,0.733,22.2,14039
1226,6789,0.654,22.9,19303
428,615,0.189,78.0,6138
578,859,0.202,74.9,8403
177,474,0.322,44.0,2776
162,968,0.848,17.0,2453
364,3150,1.245,11.1,5390
172,519,0.413,35.9,2674
201,2242,1.416,10.8,3001
3217,13757,0.531,30.7,48102
150,387,0.329,47.8,2328
1692,10762,0.749,20.9,26336
397,2259,0.744,19.4,5808
3961,5461,0.178,90.7,60500
866,1776,0.261,62.7,13335
451,612,0.173,94.1,6609
1034,2302,0.331,41.1,15152
580,897,0.216,70.9,8911
1257,4705,0.543,28.4,18186
212,370,0.219,65.7,3130
6487,40930,0.761,21.7,98829
699,7241,1.411,10.2,10569
532,638,0.151,93.8,7810
2083,4051,0.249,59.9,32185
551,639,0.155,93.4,8303
3525,11287,0.406,40.0,52088
791,2238,0.375,39.5,11825
2249,5289,0.32,46.1,33383
203,287,0.209,73.5,3045
3541,5576,0.226,60.9,54772
2349,3082,0.169,93.3,35562
306,2692,1.286,12.3,4578
241,374,0.202,73.7,3530
466,1454,0.412,39.7,6892
6026,26236,0.581,26.2,91063
381,792,0.279,55.9,5462
762,1920,0.293,55.5,11911
145,740,0.694,22.3,2249
620,2512,0.525,28.2,9460
1212,2900,0.29,46.7,18693
5619,12603,0.335,46.8,83245
960,3017,0.425,38.6,15099
3179,15787,0.638,23.4,49279
1110,12001,1.397,10.4,17005
159,166,0.155,97.3,2345
474,556,0.165,94.9,6858
1304,2406,0.252,53.5,19005
5320,6587,0.162,99.6,82425
3867,6857,0.229,70.6,57632
310,2405,0.934,16.2,4886
309,1580,0.673,20.6,4731
301,363,0.168,92.4,4393
4901,8017,0.209,66.7,73846
3615,4968,0.175,85.9,56193
2746,3376,0.152,90.8,41450
600,1404,0.303,50.3,9295
948,7344,1.006,14.4,14386
819,3379,0.594,26.9,12300
353,2859,0.994,16.0,5389
1003,4339,0.611,27.0,14423
151,357,0.304,46.9,2253
230,1094,0.663,20.6,3349
4389,17127,0.593,25.0,64168
2564,5088,0.274,50.1,37853
697,1679,0.346,40.6,10458
958,2174,0.294,52.1,15123
573,1288,0.314,48.6,8504
2383,3418,0.2,68.0,36273
2756,3124,0.157,94.3,42987
2626,15859,0.766,19.7,39612
2305,13412,0.755,18.9,33785
310,394,0.186,86.8,4451
493,942,0.252,55.6,7502
841,1126,0.181,79.0,12568
503,1683,0.475,29.4,7295
2513,2998,0.164,84.6,38339
466,588,0.173,93.1,7254
223,393,0.213,67.2,3434
660,4076,0.802,19.5,9527
5952,7419,0.163,90.6,92443
317,478,0.189,81.3,4839
1456,2301,0.21,77.6,21931
750,6011,1.205,13.3,10880
183,235,0.167,81.9,2640
892,4553,0.715,22.4,13487
2169,8037,0.495,30.0,31187
959,1758,0.235,61.9,14892
3903,14427,0.458,33.8,60633
431,724,0.235,69.5,6193
187,310,0.213,64.7,2802
5038,28324,0.801,19.7,78023
584,814,0.204,69.0,8781
1307,1617,0.157,93.2,19068
3051,15310,0.658,24.5,44322
491,900,0.238,63.7,7112
2211,5488,0.336,40.8,32943
234,492,0.292,51.4,3397
417,1393,0.443,35.8,6250
237,602,0.36,41.9,3522
3268,27783,1.111,12.6,47784
316,384,0.151,98.3,4778
2112,4397,0.246,66.2,33103
5260,11294,0.281,55.1,80106
1064,2729,0.352,44.5,15765
1068,2388,0.271,58.5,16539
781,1986,0.312,44.2,12142
467,1381,0.36,42.4,7156
817,1873,0.283,51.8,12857
1443,4547,0.399,34.8,21143
6158,23389,0.538,26.2,94667
5029,10704,0.264,60.1,78390
3965,4359,0.163,85.8,58317
4468,20674,0.608,23.8,64809
791,7091,1.109,12.9,12470
1698,5008,0.424,32.2,26182
4619,5128,0.152,98.2,66331
613,807,0.187,84.6,9303
5992,8523,0.213,63.6,86106
662,699,0.148,93.6,10172
1360,3273,0.313,50.1,21001
2081,2301,0.155,98.5,32134
5267,16268,0.427,36.7,82424
360,1111,0.449,31.6,5207
2587,3934,0.236,67.4,37041
1069,2485,0.339,44.0,15341
394,676,0.231,66.4,5718
2878,7831,0.368,37.4,41731
1175,2041,0.215,65.6,17347
1827,5572,0.454,34.8,26546
457,3687,0.971,14.6,7073
866,961,0.15,92.1,13143
1513,1869,0.171,89.5,22381
674,735,0.156,97.4,9749
294,413,0.206,74.5,4345
5932,9208,0.215,71.4,86065
983,1945,0.249,60.3,14791
2405,13329,0.702,21.3,35313
697,3283,0.602,27.0,9985
516,1776,0.419,36.1,8023
683,858,0.17,90.1,9835
662,2771,0.559,25.6,9913
1136,1564,0.173,93.1,16810
1159,2089,0.238,57.1,16763
923,1329,0.204,74.4,13985
224,1291,0.735,19.9,3388
930,3073,0.448,34.2,13926
245,299,0.151,96.3,3875
218,815,0.461,34.0,3275
5015,14634,0.37,36.7,76836
1482,6142,0.53,27.8,21321
1686,10479,0.74,21.6,26392
639,2049,0.46,31.0,9630
4878,6365,0.201,67.8,70042
1682,3483,0.294,51.0,24257
2756,5971,0.275,59.8,40534
568,2606,0.652,21.0,8456
5576,7405,0.167,82.2,85518
3258,4676,0.19,80.6,49541
3610,35351,1.193,11.9,56475
268,605,0.331,44.5,3922
378,2702,0.988,16.2,5772
414,502,0.173,81.3,6113
379,597,0.205,76.4,5771
3773,4479,0.165,91.2,56799
151,623,0.518,31.3,2265
184,419,0.322,51.1,2693
378,1694,0.562,26.6,5839
288,836,0.351,43.4,4371
318,698,0.276,57.0,4953
2895,21012,0.977,14.8,45364
1219,1840,0.191,74.3,18103
132,256,0.278,58.9,2045
683,892,0.175,84.6,10725
683,1889,0.392,34.5,9863
208,257,0.175,91.3,3123
1809,2202,0.153,99.9,28169
1985,2381,0.151,92.7,31179
2152,2796,0.17,80.0,33558
2297,2866,0.173,83.1,34568
135,260,0.264,61.6,2000
5645,24052,0.601,27.1,83505
3108,4644,0.203,70.9,48344
4640,7193,0.216,74.1,68685
140,162,0.15,98.7,2126
5128,10467,0.263,58.7,77201
3263,9604,0.421,34.4,47515
3467,6061,0.21,71.5,52898
185,201,0.147,98.1,2880
2488,9891,0.527,25.9,35990
5535,13856,0.354,39.3,85486
1856,3591,0.245,58.8,28435
1268,5998,0.649,25.3,18637
5488,55994,1.366,12.0,80840
776,2100,0.396,40.3,11312
1346,1662,0.162,87.9,20855
846,7234,1.066,13.9,12891
4934,12349,0.305,48.6,76896
180,238,0.187,78.6,2693
927,981,0.142,95.8,14204
1996,2025,0.153,98.7,29386
2806,5814,0.286,48.0,44305
1247,1507,0.166,95.5,19568
4636,39641,1.181,13.2,70025
5556,7910,0.189,77.1,79697
178,293,0.228,67.8,2572
675,2234,0.437,32.5,9652
144,295,0.257,55.7,2192
461,2461,0.667,21.7,7256
1067,1467,0.18,88.4,16336
4785,12827,0.335,42.2,70541
3524,6367,0.229,66.3,54865
215,952,0.581,24.3,3293
183,776,0.503,28.6,2877
1333,1311,0.143,99.3,20052
1037,1640,0.198,77.8,16035
362,408,0.156,96.6,5670
4458,15352,0.428,36.6,67479
4943,22734,0.571,24.8,75265
646,1183,0.245,55.3,9661
4448,9578,0.285,54.5,65106
575,2546,0.538,25.7,8981
2450,3335,0.187,76.0,35715
817,2357,0.339,42.6,12871
214,937,0.588,26.8,3230
5072,15684,0.386,39.9,75433
823,1389,0.231,60.7,11817
2376,3537,0.203,75.4,35391
541,1109,0.293,53.4,8410
143,264,0.256,57.3,2153
195,1006,0.633,22.5,2963
927,1155,0.168,92.3,13934
1922,2397,0.164,93.6,29734
493,709,0.192,71.5,7408
1954,19454,1.338,11.6,30383
2100,3938,0.257,58.3,30760
2113,3621,0.237,66.6,31404
877,1050,0.141,99.5,13734
4964,5199,0.143,99.6,71679
914,1254,0.174,87.2,13556
761,5731,0.949,15.7,11641
277,314,0.153,95.8,4362
450,864,0.242,65.1,6663
155,200,0.185,82.1,2360
1654,3953,0.335,46.6,23844
336,902,0.36,38.8,5287
418,1004,0.303,51.7,6573
2841,12553,0.641,23.2,40796
501,1212,0.323,42.1,7193
327,456,0.163,87.2,5158
263,2042,1.012,13.4,3874
2686,12691,0.631,23.6,41446
225,1153,0.681,21.3,3321
815,2262,0.356,46.3,11801
930,1119,0.161,99.7,14530
1911,8483,0.624,25.6,29436
1512,7166,0.65,23.1,23820
3034,4106,0.172,92.4,47689
151,199,0.16,89.4,2382
437,3870,1.177,12.9,6377
390,560,0.189,77.7,5983
235,376,0.203,69.0,3540
425,551,0.173,79.1,6199
447,959,0.278,54.5,6719
1019,1007,0.139,99.2,15406
1701,14494,1.122,13.9,26831
596,2250,0.523,31.1,8881
2141,5422,0.306,45.7,33372
509,1161,0.295,50.5,7450
405,500,0.169,92.9,6226
1126,1799,0.238,60.4,16614
148,1337,1.157,14.1,2194
184,464,0.346,46.7,2732
668,1408,0.291,47.5,10260
5208,5176,0.14,96.9,79985
2324,3901,0.257,63.9,33640
179,338,0.244,67.2,2823
3537,5280,0.199,74.2,54814
2365,3138,0.172,79.3,35090
1501,2733,0.229,67.2,21827
3253,10689,0.459,31.3,49508
657,847,0.184,88.7,9718
318,481,0.209,75.9,4757
945,1481,0.201,76.8,14823
1155,1281,0.144,99.7,17119
1129,1512,0.19,82.2,16429
1276,1425,0.17,84.6,18242
5198,6091,0.142,95.6,81818
4620,22994,0.637,23.6,68221
4064,7974,0.273,54.8,61496
2915,5407,0.254,62.3,45984
5404,16365,0.406,39.6,80146
188,235,0.17,85.5,2940
371,519,0.189,78.6,5642
902,1457,0.199,74.9,13871
3606,3756,0.145,99.7,54861
961,3612,0.472,33.3,14430
2452,3818,0.198,76.2,37318
230,442,0.272,59.6,3444
348,1092,0.405,38.2,5368
2366,10352,0.578,24.5,35018
262,276,0.154,90.6,3809
512,844,0.23,63.6,7906
376,489,0.173,84.2,5636
531,1017,0.249,59.1,7860
2143,7479,0.472,29.8,31948
554,1568,0.407,40.4,8433
1186,2993,0.314,44.3,17555
187,243,0.158,97.6,2956
3068,30776,1.289,10.5,46637
568,652,0.149,98.7,8500
1604,1819,0.147,98.2,25285
2278,2752,0.147,99.7,34154
307,596,0.283,52.9,4541
4356,5277,0.158,96.7,63689
1428,3666,0.334,45.6,22283
748,7167,1.245,12.4,10700
274,1130,0.531,30.2,4081
5246,6865,0.17,95.1,79794
2493,29159,1.398,11.2,38359
303,567,0.232,59.1,4512
518,3326,0.975,16.8,7495
3172,10180,0.457,35.8,47494
2059,13725,0.872,17.9,30406
2628,3737,0.172,87.4,40001
740,1249,0.226,63.2,11236
2151,2588,0.173,91.2,32983
617,1046,0.224,72.0,9071
300,341,0.159,97.4,4570
1535,3305,0.275,55.9,23764
5990,9278,0.209,67.5,91043
465,803,0.236,61.9,6741
828,1928,0.292,53.6,12139
1831,2191,0.157,86.1,27934
1154,1710,0.227,68.0,16635
3459,5298,0.192,82.1,54198
2506,3411,0.18,80.8,39373
161,669,0.505,27.2,2512
6371,11503,0.233,68.5,99384
2426,9906,0.498,28.0,37961
3977,7425,0.234,62.5,58718
1720,2734,0.22,71.0,25550
3855,5002,0.16,99.8,56994
210,1821,1.262,12.7,3104
533,3322,0.829,18.2,7795
3990,24652,0.882,16.9,61665
297,725,0.35,45.9,4401
182,252,0.181,83.9,2716
3039,3517,0.177,86.0,43653
3408,4688,0.194,76.3,52540
240,291,0.161,90.7,3778
3828,10983,0.383,39.1,56563
2004,10791,0.814,17.9,29364
997,7270,0.954,15.2,15298
3456,5016,0.19,86.7,51475
657,968,0.192,75.7,10311
297,382,0.196,72.9,4271
390,1118,0.359,40.6,6095
920,2546,0.346,44.2,14430
1017,1349,0.169,96.2,15986
3093,24459,1.008,15.7,46739
2828,4188,0.201,79.6,44209
1327,4274,0.425,37.9,19442
2940,23792,1.203,13.5,42419
275,383,0.185,76.8,4234
164,415,0.374,39.8,2432
3880,6340,0.195,75.0,60996
177,269,0.199,73.7,2687
342,763,0.266,58.1,5249
1969,3038,0.184,80.0,30363
671,1344,0.246,62.3,9923
3957,11604,0.409,35.8,61639
443,621,0.19,76.1,6416
141,237,0.231,63.0,2095
441,4658,1.428,11.1,6483
1335,1549,0.168,91.1,19193
605,1099,0.278,59.1,8704
1086,1531,0.181,88.2,16209
4111,5640,0.167,89.4,61708
4656,10158,0.284,50.0,71009
385,762,0.279,55.7,5661
816,2193,0.331,47.4,12195
1192,2461,0.295,50.4,17139
5320,6952,0.157,90.6,81948
6504,9985,0.187,80.9,99460
328,1684,0.667,21.4,5023
2361,4472,0.251,64.9,34367
561,704,0.154,99.6,8775
137,239,0.226,63.6,2064
137,169,0.175,80.7,2073
773,1243,0.198,79.2,12120
892,2289,0.376,41.5,13511
145,400,0.352,43.5,2184
1873,3031,0.204,75.2,29383
421,837,0.278,55.0,6317
1246,2253,0.238,61.4,17876
453,700,0.22,74.2,6490
257,358,0.187,80.0,3845
656,1753,0.394,34.4,9835
323,1523,0.627,23.2,4961
1134,2897,0.383,36.3,16204
283,544,0.262,55.7,4353
969,2609,0.376,40.8,14614
234,373,0.222,61.2,3701
1812,14894,1.088,14.8,27605
2436,5262,0.274,55.9,38189
210,521,0.334,43.1,3080
836,1536,0.248,58.1,12468
177,439,0.31,48.0,2638
1354,3772,0.4,35.6,20764
386,425,0.148,91.4,5626
998,4311,0.51,26.6,15756
992,1404,0.204,71.3,15141
5038,5530,0.149,93.2,74384
1188,2023,0.232,58.5,17135
1269,1660,0.181,88.9,19567
644,3085,0.674,21.2,9625
5483,11940,0.276,54.4,81938
2892,5818,0.275,51.1,41825
388,3739,1.271,10.7,6108
3596,9026,0.315,49.9,54364
700,1828,0.321,43.2,10855
3247,4788,0.193,70.3,51157
3216,4031,0.162,94.4,50014
292,1652,0.764,17.7,4187
2011,5644,0.375,39.5,31063
433,919,0.288,50.0,6234
414,863,0.284,51.0,6404
443,517,0.169,79.7,6375
2313,5400,0.328,49.9,34178
314,3231,1.209,12.4,4914
134,220,0.206,73.9,2007
2148,2874,0.173,89.6,32824
257,558,0.283,56.3,3907
199,337,0.246,62.3,3009
335,1669,0.64,24.7,5064
599,2122,0.497,29.9,8840
881,3085,0.469,31.2,12870
156,416,0.327,48.8,2380
6193,6971,0.172,93.5,89126
2291,4107,0.244,57.0,32930
450,1988,0.554,27.3,7081
441,1500,0.458,33.9,6958
765,1836,0.309,44.6,11563
1558,2886,0.246,66.1,23174
231,567,0.304,49.6,3545
272,657,0.341,45.3,4188
3915,6581,0.231,60.8,57701
367,1348,0.45,31.8,5450
570,3723,0.811,17.1,8850
4183,36712,1.172,12.2,60435
1816,5923,0.459,32.6,26773
500,3067,0.877,18.2,7613
1969,5929,0.375,40.3,29014
138,177,0.179,79.6,2160
2362,3575,0.183,74.5,35552
866,1470,0.236,65.0,13441
3062,3827,0.17,86.7,48150
5492,18721,0.465,35.4,83739
4812,6624,0.177,89.7,74802
4737,12861,0.347,45.9,70120
1005,2383,0.294,46.1,14831
526,1354,0.341,46.5,8182
783,4170,0.748,18.8,12334
2039,2373,0.156,97.8,29726
4023,21867,0.661,22.5,63520
294,823,0.374,40.7,4494
4838,12203,0.359,38.7,72612
3338,20741,0.889,16.7,48528
6345,27255,0.574,23.7,92061
4266,30339,0.97,14.0,62596
388,1335,0.426,36.3,5979
206,265,0.186,88.0,3027
201,647,0.39,40.5,3102
404,2052,0.705,21.1,6248
1480,2142,0.201,68.1,22105
3156,3238,0.137,99.7,46509
4294,15963,0.452,30.9,67426
1462,5110,0.467,35.2,22949
140,167,0.151,97.5,2044
286,1326,0.614,26.1,4145
199,388,0.279,56.0,2954
548,2100,0.485,31.6,8285
980,1285,0.174,93.9,14217
161,179,0.144,98.3,2370
525,755,0.178,83.3,7817
263,882,0.42,38.3,4031
1625,3991,0.327,46.3,25141
813,2912,0.448,31.8,12297
905,1130,0.157,90.2,13885
699,923,0.171,92.3,10657
5621,11599,0.284,47.7,84193
298,590,0.235,69.1,4632
1037,4119,0.544,24.9,15094
2289,5718,0.313,49.1,35604
1175,1989,0.229,66.8,17664
5174,13639,0.341,44.7,75754
584,1502,0.354,42.2,8773
806,10368,1.591,10.1,12268
188,244,0.188,82.4,2827
1494,1985,0.176,90.0,21662
431,437,0.142,97.3,6175
252,355,0.183,74.7,3744
1155,1937,0.229,59.4,16833
1017,3028,0.407,34.2,16047
186,207,0.155,99.9,2691
2140,3985,0.238,63.1,30709
1541,2665,0.221,71.3,22950
286,396,0.197,71.4,4189
837,1158,0.17,86.1,12548
2184,26285,1.487,10.9,33483
1095,4220,0.547,29.8,15868
632,1115,0.233,69.9,9396
474,612,0.176,90.6,7057
1475,2173,0.217,71.7,21780
5440,14383,0.344,47.2,78803
1888,4776,0.368,42.5,27688
173,284,0.214,76.4,2679
805,1116,0.177,76.7,12126
4558,8918,0.252,64.6,65239
193,552,0.419,36.2,2894
6662,6949,0.148,93.3,95741
5633,9934,0.237,59.7,81935
184,283,0.198,81.1,2716
5060,21423,0.513,29.3,77067
541,1496,0.402,41.0,8279
3683,4361,0.156,88.7,54471
680,4704,1.016,14.5,10276
770,1532,0.258,56.1,11220
1635,3135,0.282,53.4,23910
2707,4430,0.198,77.6,41385
155,465,0.438,35.4,2282
1356,4870,0.454,29.7,20360
271,293,0.147,93.4,4152
511,866,0.221,61.5,7740
540,3302,0.829,19.4,7802
823,3111,0.528,27.4,12529
482,518,0.146,99.9,7391
199,754,0.538,27.6,3043
228,393,0.247,64.9,3535
152,306,0.283,47.8,2279
809,975,0.154,89.7,12588
5755,8704,0.2,78.0,83677
203,428,0.257,63.7,3144
5455,52101,1.407,11.0,81041
2260,2693,0.16,89.2,35236
1691,3842,0.301,50.0,24217
1656,2176,0.175,93.8,24965
3493,6567,0.276,54.6,50770
208,299,0.202,72.5,3038
981,6201,0.902,16.2,14407
2105,2961,0.213,77.1,30575
1271,4049,0.387,40.4,19861
3527,9313,0.374,41.6,51987
172,991,0.687,20.7,2653
2044,10504,0.654,23.2,29820
1126,4595,0.545,26.7,16155
611,1530,0.36,39.5,8814
485,648,0.179,90.3,7570
1492,3832,0.34,43.1,22688
4293,6047,0.191,75.2,65283
893,7028,0.934,17.4,13932
3223,5193,0.223,63.2,50374
635,1485,0.295,53.4,9644
208,240,0.158,98.0,2985
170,254,0.189,86.2,2544
164,387,0.314,50.9,2444
588,888,0.196,79.8,8848
506,2156,0.528,27.4,7481
2312,3766,0.247,60.6,33172
2459,16452,0.977,16.7,36564
155,392,0.328,41.3,2440
316,1237,0.524,30.3,4750
409,524,0.191,74.7,5847
1123,2028,0.26,54.1,17037
236,291,0.183,77.6,3520
216,431,0.243,56.4,3377
5158,37068,0.926,17.8,80259
3215,5252,0.211,76.2,46488
264,349,0.177,85.0,4054
641,874,0.171,91.3,9812
529,989,0.247,61.5,8039
3080,4621,0.205,77.8,44149
940,1479,0.206,77.7,14718
226,893,0.591,24.0,3297
2363,11782,0.6,24.8,36020
651,4741,0.94,16.4,9447
391,1140,0.424,38.8,5594
570,1401,0.296,52.6,8689
899,1091,0.162,99.8,14018
492,1243,0.329,48.8,7655
352,547,0.202,75.4,5152
611,1021,0.223,72.4,9507
140,535,0.515,28.4,2155
2656,19334,0.959,15.3,41065
256,519,0.268,59.1,3903
151,209,0.19,73.0,2374
1781,1683,0.144,99.8,25801
2852,8113,0.363,42.3,41297
3190,3813,0.163,90.7,48272
929,2333,0.368,44.4,13787
301,533,0.227,72.0,4466
2444,4032,0.235,63.8,35773
2063,14803,1.024,14.8,30890
349,2631,0.919,17.1,5241
4628,46547,1.253,11.9,68531
204,449,0.324,43.4,3008
6134,10298,0.204,77.1,93451
3793,19192,0.615,25.5,57884
1921,3340,0.221,64.5,29495
5271,17592,0.444,36.0,78693
2218,2988,0.188,81.7,33745
282,337,0.174,81.9,4213
744,1115,0.194,79.8,11278
182,349,0.248,57.2,2645
586,1913,0.401,35.6,9184
2443,3298,0.194,82.8,36390
609,2645,0.609,26.7,9069
479,1453,0.396,36.1,7280
1358,6453,0.613,26.6,20536
4165,5578,0.201,70.7,60656
157,237,0.193,71.8,2409
624,941,0.199,68.7,9035
257,521,0.3,47.4,3714
2055,11108,0.771,19.0,30367
207,254,0.177,92.0,3024
1816,3744,0.255,55.7,26947
409,941,0.313,46.6,6126
303,546,0.249,63.0,4354
5084,21452,0.527,27.4,77958
138,742,0.709,21.9,2150
723,1624,0.318,46.5,11086
146,519,0.463,30.4,2176
856,3364,0.491,32.0,13262
985,1016,0.15,90.3,14200
465,794,0.249,57.8,7039
231,471,0.272,53.5,3354
566,936,0.206,72.1,8719
1815,2040,0.162,95.6,27744
2720,16410,0.74,20.1,42687
1037,1559,0.18,85.0,15949
1338,2297,0.244,62.6,20097
305,1389,0.631,23.2,4384
405,1419,0.444,36.7,6154
254,546,0.306,53.4,3767
351,588,0.211,72.2,5303
306,1114,0.431,31.8,4820
1017,2088,0.258,58.1,15260
1152,1687,0.196,71.6,18072
5581,12688,0.297,50.4,80624
293,338,0.16,87.7,4298
1621,2075,0.177,88.3,24616
3307,5993,0.262,52.4,48924
1147,1623,0.168,97.6,17900
368,2240,0.838,16.8,5423
384,4504,1.503,10.3,5585
160,398,0.367,44.3,2331
430,773,0.222,64.1,6606
2396,4153,0.245,66.6,36820
160,301,0.277,52.9,2408
329,1998,0.771,21.2,4716
2201,9385,0.648,25.3,31688
2808,3439,0.162,86.7,42729
813,1159,0.182,88.1,11874
2132,3253,0.199,70.7,30692
593,921,0.203,69.8,9123
257,411,0.216,63.8,3738
618,2407,0.494,28.3,9494
1268,2827,0.317,48.5,19336
5276,7982,0.204,72.6,81610
174,341,0.272,58.4,2617
1003,8819,1.242,11.7,14557
484,591,0.171,95.8,7241
937,1101,0.159,86.0,14609
142,436,0.409,33.4,2196
456,791,0.238,65.5,6805
3322,4279,0.174,93.1,49426
1173,6956,0.852,18.6,17464
744,1669,0.271,55.3,11656
417,918,0.28,51.1,6111
445,879,0.289,46.9,6417
597,729,0.176,85.2,8951
3580,9257,0.337,44.3,52558
6106,44082,0.924,15.7,87962
752,4826,0.957,15.9,11124
632,4765,1.133,13.8,9318
3738,8562,0.333,46.8,54864
691,1054,0.191,74.7,10625
1165,5100,0.538,28.3,17333
340,530,0.205,68.2,4936
2394,3589,0.193,71.8,36662
1110,4009,0.481,33.0,16027
3196,5452,0.243,64.1,47375
2805,4854,0.221,71.6,42410
312,600,0.268,52.0,4637
2170,6257,0.403,40.3,32875
3152,4581,0.211,65.7,45740
515,657,0.164,98.0,7745
272,622,0.301,48.4,3929
134,313,0.305,45.3,2020
790,1477,0.277,51.8,11670
555,3001,0.833,16.9,7939
1127,2070,0.25,59.8,17530
284,825,0.413,39.6,4173
3711,19604,0.692,20.9,57753
377,740,0.295,52.0,5482
326,3977,1.57,10.3,4849
912,2278,0.333,46.2,13114
972,5099,0.747,19.5,14078
296,3175,1.352,12.2,4639
372,445,0.167,84.2,5793
261,311,0.163,92.5,3884
2220,9863,0.554,28.7,33240
2622,4842,0.231,58.5,40680
783,2504,0.446,35.0,12204
2192,4591,0.263,54.4,32677
2265,5240,0.284,49.3,35592
237,712,0.419,34.2,3435
6019,10214,0.225,73.0,87606
3404,17550,0.756,21.4,49652
282,2151,0.957,14.8,4450
263,371,0.175,79.1,4143
219,370,0.209,69.9,3269
240,436,0.278,54.9,3436
2449,5624,0.309,52.1,37336
824,2044,0.299,54.8,12559
2747,6443,0.319,49.3,42777
2513,6640,0.337,45.4,37059
1440,2428,0.253,55.0,21293
1876,3163,0.238,57.6,29318
142,219,0.212,72.3,2148
459,728,0.204,74.0,6772
1615,4070,0.365,44.0,24247
140,310,0.306,47.2,2074
156,328,0.312,43.6,2275
3804,6706,0.253,58.3,56022
1959,4694,0.323,50.8,29051
389,480,0.176,90.1,5647
2045,2601,0.187,72.7,29502
2927,3854,0.177,90.9,44400
428,697,0.202,73.8,6641
158,159,0.15,97.4,2302
4978,8281,0.216,67.2,76876
536,582,0.158,96.7,7717
192,921,0.623,24.2,3033
951,7659,1.051,14.7,13698
2718,5377,0.245,62.1,40423
326,319,0.141,98.5,4759
378,883,0.3,47.6,5739
361,1474,0.551,29.1,5168
6277,14068,0.272,56.9,96794
281,507,0.217,68.4,4329
1210,3456,0.366,38.4,19002
5195,7446,0.182,74.3,74649
235,287,0.148,97.8,3553
6052,6727,0.151,90.7,89224
5530,16931,0.412,36.2,81426
4403,13329,0.405,39.4,63663
313,745,0.33,43.4,4629
1602,4347,0.353,45.5,23892
2671,16146,0.821,19.0,39242
6470,7583,0.177,78.6,94680
261,780,0.36,42.9,4051
2565,3408,0.156,89.2,40039
480,563,0.166,93.4,7527
261,2400,1.142,12.2,3975
693,753,0.148,99.0,10397
3010,4669,0.206,73.9,44640
859,1480,0.24,56.8,12325
1073,2563,0.31,45.1,16378
6712,12508,0.255,56.7,98124
637,1936,0.38,39.2,9530
1439,2802,0.243,66.0,22211
562,3139,0.766,18.4,8347
648,1064,0.221,65.9,9297
1950,7130,0.429,34.8,30402
5232,44603,1.242,11.6,78428
1062,2099,0.257,59.7,16690
2646,4990,0.23,62.1,40412
191,485,0.327,48.4,2835
314,2258,0.91,16.5,4568
972,985,0.152,90.4,14260
143,274,0.237,65.0,2162
373,2120,0.745,20.4,5378
989,2086,0.259,56.0,15138
144,267,0.247,54.8,2120
374,2341,0.914,15.4,5629
1035,1714,0.228,64.6,14940
1292,1574,0.17,82.7,18827
5186,7398,0.197,77.4,74791
1617,7238,0.553,28.3,24971
686,946,0.183,87.6,10131
5197,13802,0.378,40.8,76149
2943,3594,0.164,95.2,43104
291,1866,0.931,16.5,4373
211,460,0.306,53.8,3336
1830,3089,0.224,63.7,28132
1170,4161,0.443,32.3,17875
3031,4085,0.175,79.4,43919
2481,4093,0.225,66.4,35994
1477,14689,1.186,11.6,23080
6605,9692,0.221,64.8,94812
1041,2428,0.276,54.2,16128
205,999,0.592,27.6,3113
3308,4285,0.165,99.6,51078
370,423,0.173,90.7,5356
2859,8370,0.404,36.3,41844
5554,10849,0.274,58.7,84552
2073,6562,0.419,38.5,30539
1329,1964,0.203,79.8,20590
797,992,0.165,93.7,12111
547,1305,0.334,42.3,8320
516,621,0.167,82.5,7957
1667,3389,0.296,54.9,24110
2564,5119,0.299,45.7,37793
1853,2258,0.152,94.5,28432
282,558,0.267,55.9,4346
876,1870,0.261,52.1,13813
2905,5246,0.23,70.5,44259
859,2516,0.429,33.5,12859
1063,2719,0.346,39.2,16320
2777,3633,0.176,93.9,40847
1756,2924,0.203,71.1,26576
649,929,0.191,84.4,9919
4622,14360,0.432,34.4,66421
245,521,0.263,58.9,3777
6484,7607,0.146,97.4,98261
209,669,0.388,38.7,3183
137,618,0.584,24.4,2120
4213,8917,0.292,56.0,65034
340,836,0.305,44.9,5214
2400,9446,0.588,24.4,34735
3267,4222,0.18,90.0,47744
3909,4450,0.151,99.2,57599
6423,12565,0.25,61.2,96765
421,640,0.194,79.7,6318
2095,2372,0.157,87.3,32189
200,319,0.185,73.1,3141
643,5364,1.167,14.0,9821
3676,15006,0.592,24.2,55170
536,3887,0.893,16.4,8426
1291,15599,1.428,10.9,20196
934,2748,0.379,37.5,14352
1646,4419,0.346,45.3,25031
5931,21268,0.469,31.7,89939
159,1148,1.016,15.8,2487
1224,2431,0.249,57.7,18887
3808,11595,0.408,34.6,58518
838,1400,0.196,81.6,13148
178,1720,1.35,10.7,2719
1143,1477,0.172,85.8,17921
498,607,0.166,95.9,7331
241,377,0.207,74.5,3666
3629,5293,0.195,76.0,55400
987,1122,0.152,94.0,15389
4994,19617,0.548,28.8,77026
3037,3515,0.141,99.5,46819
2103,3045,0.205,79.6,30086
140,191,0.185,75.4,2039
676,2015,0.374,42.5,10663
292,549,0.25,59.1,4330
4588,7496,0.204,68.9,70542
253,453,0.223,65.8,3959
416,563,0.193,73.4,6124
969,6096,0.799,17.4,15104
371,899,0.338,42.0,5603
307,759,0.328,49.1,4545
1396,4244,0.413,33.5,20839
197,826,0.643,25.5,2832
172,789,0.601,22.5,2511
587,1475,0.36,43.0,8579
2202,5367,0.295,54.4,33528
1110,8716,1.04,15.7,17523
713,841,0.146,95.2,10458
1280,1794,0.198,78.9,18290
551,689,0.182,75.8,8354
5445,20305,0.57,25.6,77895
159,277,0.244,64.3,2479
1820,3200,0.252,57.7,27867
4213,4571,0.147,98.4,65357
3087,4013,0.179,77.3,46430
282,419,0.222,61.8,4108
417,502,0.16,86.6,6365
2293,10825,0.673,24.0,33057
186,1700,1.19,11.4,2781
3182,4858,0.216,72.1,47902
2283,15118,0.839,18.8,33299
2222,12987,0.746,20.4,34722
202,309,0.204,77.0,2960
2153,6771,0.45,34.3,33150
1863,3228,0.223,66.6,28577
3474,3975,0.158,92.6,51611
163,541,0.424,38.5,2353
147,655,0.556,29.5,2189
582,3487,0.789,19.6,8605
245,1222,0.648,21.7,3579
1156,8699,0.952,15.6,17770
4982,27394,0.838,17.9,72373
611,1553,0.323,48.9,9250
3516,10168,0.399,38.9,54522
131,212,0.204,73.6,2001
251,306,0.176,88.3,3866
146,182,0.168,80.6,2252
470,992,0.274,57.8,7220
4506,24819,0.735,19.2,69825
198,317,0.209,73.9,2922
1441,3495,0.325,42.7,21443
791,4992,0.782,17.7,11697
5158,6054,0.159,85.8,78606
221,676,0.401,40.4,3229
294,1263,0.517,29.6,4584
150,176,0.165,88.4,2245
711,998,0.174,91.2,10921
396,1101,0.38,40.5,5930
3936,10192,0.366,41.9,60113
1462,2310,0.241,62.2,21320
1530,2061,0.178,76.0,22097
1094,6834,0.91,15.7,16022
184,284,0.218,63.4,2864
743,921,0.162,95.8,11405
6932,20516,0.424,33.6,99806
3477,4408,0.162,91.8,52487
4588,4629,0.152,95.5,65915
3302,9442,0.407,34.2,50080
208,308,0.21,77.9,2992
338,1265,0.518,31.5,4869
137,194,0.18,76.4,2024
415,651,0.195,81.8,6556
201,766,0.464,32.2,3058
882,1275,0.213,74.4,12714
1957,2420,0.168,83.1,28278
3952,10372,0.329,42.3,61205
2474,12626,0.644,25.1,37491
5418,38244,0.886,18.3,78642
165,295,0.241,61.8,2469
144,167,0.164,98.0,2097
1830,2623,0.184,84.1,26584
430,828,0.286,49.2,6203
345,607,0.249,58.3,5391
469,1427,0.396,35.2,7297
367,1749,0.641,24.7,5746
1028,2232,0.308,53.4,14789
744,1797,0.293,51.7,11189
946,1954,0.271,57.0,14846
1819,2379,0.164,95.8,27793
597,951,0.22,64.4,9093
367,577,0.225,64.5,5345
261,1244,0.685,21.5,3831
533,610,0.153,99.7,7848
2311,3472,0.202,79.6,36419
2679,3230,0.16,88.9,38605
1759,4438,0.315,47.3,27169
337,701,0.285,55.2,4996
1272,2181,0.241,57.0,19960
1191,4617,0.547,27.5,18647
843,1294,0.193,72.1,13297
1153,1520,0.166,91.3,17196
924,4461,0.639,24.7,13695
1163,7211,0.8,17.8,18269
2144,3712,0.21,76.4,32858
211,604,0.419,34.6,3071
2403,3882,0.213,66.1,37551
220,353,0.205,72.6,3403
171,514,0.414,39.0,2595
6278,8231,0.164,83.4,91066
5496,10187,0.243,59.5,84514
177,202,0.175,88.2,2533
744,980,0.185,78.7,11326
273,324,0.156,88.2,4144
856,8274,1.227,11.8,13354
3492,14115,0.5,31.9,51460
5354,38099,0.906,18.1,82431
1614,3379,0.274,49.8,23911
517,635,0.169,90.1,7985
1396,2589,0.265,52.1,21186
467,621,0.18,86.5,6778
4796,12925,0.343,39.4,70273
3876,10231,0.334,40.6,60230
1196,1533,0.175,90.6,17760
481,1027,0.284,48.3,7126
402,556,0.178,81.1,6302
151,553,0.523,31.3,2279
3165,4398,0.173,95.4,48650
773,1328,0.227,61.7,11647
488,677,0.194,78.3,7135
813,5371,0.841,18.1,12630
3156,6378,0.273,54.3,49208
212,286,0.179,91.1,3256
3992,5202,0.177,88.9,57300
4575,35169,1.111,14.2,66968
5152,16332,0.383,37.3,81181
625,1410,0.297,49.9,9470
304,1471,0.587,25.5,4676
